P10627	Drosophila melanogaster	Metazoa	490	False
P53082	Saccharomyces cerevisiae (strain ATCC 204508 / S288c)	Fungi	120	False
Q9USM1	Schizosaccharomyces pombe (strain 972 / ATCC 24843)	Fungi	388	False
P70582	Rattus norvegicus	Metazoa	510	False
P32903	Saccharomyces cerevisiae (strain ATCC 204508 / S288c)	Fungi	40	True
Q05344	Drosophila melanogaster	Metazoa	723	False
Q9VQB6	Drosophila melanogaster	Metazoa	971	False
Q9Y2T6	Homo sapiens	Metazoa	319	True
P38169	Saccharomyces cerevisiae (strain ATCC 204508 / S288c)	Fungi	460	False
Q9JIH2	Mus musculus	Metazoa	466	False
F4K8S5	Arabidopsis thaliana	Viridiplantae	355	False
Q8TEC5	Homo sapiens	Metazoa	729	False
P27697	Saccharomyces cerevisiae (strain ATCC 204508 / S288c)	Fungi	501	False
Q96PV7	Homo sapiens	Metazoa	902	False
G1XJN1	Arthrobotrys oligospora (strain ATCC 24927 / CBS 115.81 / DSM 1491)	Fungi	401	True
Q93VB2	Arabidopsis thaliana	Viridiplantae	425	False
Q8IJX8	Plasmodium falciparum (isolate 3D7)	Other	107	False
P29084	Homo sapiens	Metazoa	291	False
Q8W487	Arabidopsis thaliana	Viridiplantae	250	False
P14905	Saccharomyces cerevisiae (strain ATCC 204508 / S288c)	Fungi	389	False
Q08119	Saccharomyces cerevisiae (strain ATCC 204508 / S288c)	Fungi	714	False
Q8K2T8	Mus musculus	Metazoa	535	False
A1Z7A8	Drosophila melanogaster	Metazoa	634	False
Q9H9D4	Homo sapiens	Metazoa	720	False
P86397	Homo sapiens	Metazoa	168	False
Q8IRW8	Drosophila melanogaster	Metazoa	2431	False
Q8BZT9	Mus musculus	Metazoa	430	False
Q9NXR7	Homo sapiens	Metazoa	383	False
Q9HCS7	Homo sapiens	Metazoa	855	False
F8VQK3	Mus musculus	Metazoa	730	False
Q9SHZ6	Arabidopsis thaliana	Viridiplantae	343	False
Q6E434	Schizosaccharomyces pombe (strain 972 / ATCC 24843)	Fungi	485	False
Q8N4Q1	Homo sapiens	Metazoa	142	False
Q9GZS3	Homo sapiens	Metazoa	305	False
P54987	Mus musculus	Metazoa	488	False
Q66JW3	Mus musculus	Metazoa	526	False
Q09821	Sus scrofa	Metazoa	138	False
O60141	Schizosaccharomyces pombe (strain 972 / ATCC 24843)	Fungi	299	False
Q4WGE2	Aspergillus fumigatus (strain ATCC MYA-4609 / CBS 101355 / FGSC A1100 / Af293)	Fungi	607	True
P97367	Mus musculus	Metazoa	477	False
O60216	Homo sapiens	Metazoa	631	False
Q7L5Y1	Homo sapiens	Metazoa	443	False
Q5Z807	Oryza sativa subsp. japonica	Viridiplantae	390	False
Q9NSA0	Homo sapiens	Metazoa	550	True
Q9LXR8	Arabidopsis thaliana	Viridiplantae	318	False
O94670	Schizosaccharomyces pombe (strain 972 / ATCC 24843)	Fungi	273	False
Q04359	Saccharomyces cerevisiae (strain ATCC 204508 / S288c)	Fungi	397	False
O43508	Homo sapiens	Metazoa	249	True
O60936	Homo sapiens	Metazoa	208	False
Q14157	Homo sapiens	Metazoa	1087	False
A0A1D8PRB7	Candida albicans (strain SC5314 / ATCC MYA-2876)	Fungi	1105	False
Q12084	Saccharomyces cerevisiae (strain ATCC 204508 / S288c)	Fungi	232	False
Q3UIU2	Mus musculus	Metazoa	128	True
Q99884	Homo sapiens	Metazoa	636	True
P38727	Saccharomyces cerevisiae (strain ATCC 204508 / S288c)	Fungi	235	True
P28803	Spinacia oleracea	Viridiplantae	128	False
Q0WUA3	Arabidopsis thaliana	Viridiplantae	382	False
Q20709	Caenorhabditis elegans	Metazoa	543	False
P10662	Saccharomyces cerevisiae (strain ATCC 204508 / S288c)	Fungi	321	False
P38222	Saccharomyces cerevisiae (strain ATCC 204508 / S288c)	Fungi	552	False
P13275	Scyliorhinus canicula	Metazoa	87	False
Q9UJM8	Homo sapiens	Metazoa	370	False
Q03151	Saccharomyces cerevisiae (strain ATCC 204508 / S288c)	Fungi	367	False
Q3UHA3	Mus musculus	Metazoa	2430	False
P62875	Homo sapiens	Metazoa	67	False
Q08961	Saccharomyces cerevisiae (strain ATCC 204508 / S288c)	Fungi	583	False
Q8VHT6	Rattus norvegicus	Metazoa	369	False
Q9LUI3	Arabidopsis thaliana	Viridiplantae	695	False
A0A120KVW2	Trypanosoma brucei brucei	Other	1136	False
P53298	Saccharomyces cerevisiae (strain ATCC 204508 / S288c)	Fungi	406	False
P09622	Homo sapiens	Metazoa	509	False
Q9VKV5	Drosophila melanogaster	Metazoa	319	False
Q8BMI0	Mus musculus	Metazoa	1194	False
P07248	Saccharomyces cerevisiae (strain ATCC 204508 / S288c)	Fungi	1323	False
P25379	Saccharomyces cerevisiae (strain ATCC 204508 / S288c)	Fungi	360	False
Q6L8Q7	Homo sapiens	Metazoa	609	False
Q9SK71	Arabidopsis thaliana	Viridiplantae	430	False
Q9LJG6	Arabidopsis thaliana	Viridiplantae	193	False
Q8LGD5	Arabidopsis thaliana	Viridiplantae	222	False
P53866	Saccharomyces cerevisiae (strain ATCC 204508 / S288c)	Fungi	767	False
Q12522	Saccharomyces cerevisiae (strain ATCC 204508 / S288c)	Fungi	245	False
A8MTT3	Homo sapiens	Metazoa	80	True
G5EF68	Caenorhabditis elegans	Metazoa	648	False
P15343	Equus caballus	Metazoa	58	False
Q8MMZ7	Toxoplasma gondii	Other	994	False
D0VWM8	Caenorhabditis elegans	Metazoa	414	False
Q9CZW6	Mus musculus	Metazoa	359	False
A0A509AER3	Plasmodium berghei (strain Anka)	Other	247	False
Q09349	Caenorhabditis elegans	Metazoa	984	False
G5ECU7	Caenorhabditis elegans	Metazoa	319	False
Q08417	Saccharomyces cerevisiae (strain ATCC 204508 / S288c)	Fungi	382	True
P07390	Saccharomyces cerevisiae (strain ATCC 204508 / S288c)	Fungi	489	False
Q96HY7	Homo sapiens	Metazoa	919	False
Q9H0G5	Homo sapiens	Metazoa	558	False
Q96P11	Homo sapiens	Metazoa	429	False
Q12418	Saccharomyces cerevisiae (strain ATCC 204508 / S288c)	Fungi	502	False
O80952	Arabidopsis thaliana	Viridiplantae	296	False
F4IHY7	Arabidopsis thaliana	Viridiplantae	527	False
Q7XI96	Oryza sativa subsp. japonica	Viridiplantae	298	False
P49728	Chlamydomonas reinhardtii	Viridiplantae	206	True
Q9NX46	Homo sapiens	Metazoa	363	False
Q5BJY9	Rattus norvegicus	Metazoa	423	False
Q13309	Homo sapiens	Metazoa	424	False
P38688	Saccharomyces cerevisiae (strain ATCC 204508 / S288c)	Fungi	640	False
Q9Z2N6	Rattus norvegicus	Metazoa	79	False
P53152	Saccharomyces cerevisiae (strain ATCC 204508 / S288c)	Fungi	137	False
Q99N92	Mus musculus	Metazoa	148	False
P83565	Rattus norvegicus	Metazoa	206	False
Q9NWU5	Homo sapiens	Metazoa	206	False
Q283Q6	Xenopus laevis	Metazoa	784	False
P43266	Euglena gracilis	Other	100	True
P82920	Bos taurus	Metazoa	87	False
Q9Y113	Drosophila melanogaster	Metazoa	594	False
P40968	Saccharomyces cerevisiae (strain ATCC 204508 / S288c)	Fungi	455	False
Q18490	Caenorhabditis elegans	Metazoa	142	False
Q06102	Saccharomyces cerevisiae (strain ATCC 204508 / S288c)	Fungi	208	False
P49419	Homo sapiens	Metazoa	539	False
Q15466	Homo sapiens	Metazoa	257	False
Q6WNK7	Saccharomyces cerevisiae (strain ATCC 204508 / S288c)	Fungi	96	False
Q9C829	Arabidopsis thaliana	Viridiplantae	440	False
Q6EIG7	Homo sapiens	Metazoa	209	True
Q9UTP3	Schizosaccharomyces pombe (strain 972 / ATCC 24843)	Fungi	59	False
P22135	Saccharomyces cerevisiae (strain ATCC 204508 / S288c)	Fungi	325	False
O82392	Arabidopsis thaliana	Viridiplantae	644	False
Q9LEZ1	Arabidopsis thaliana	Viridiplantae	144	False
Q9NRZ7	Homo sapiens	Metazoa	376	False
E9EXC4	Metarhizium robertsii (strain ARSEF 23 / ATCC MYA-3075)	Fungi	1005	False
Q08231	Saccharomyces cerevisiae (strain ATCC 204508 / S288c)	Fungi	455	False
P43594	Saccharomyces cerevisiae (strain ATCC 204508 / S288c)	Fungi	170	False
Q3U9N9	Mus musculus	Metazoa	512	True
Q86MV5	Trypanosoma brucei brucei	Other	487	False
Q1K6U7	Neurospora crassa (strain ATCC 24698 / 74-OR23-1A / CBS 708.71 / DSM 1257 / FGSC 987)	Fungi	225	False
O13852	Schizosaccharomyces pombe (strain 972 / ATCC 24843)	Fungi	249	False
Q9S758	Arabidopsis thaliana	Viridiplantae	181	False
O74429	Schizosaccharomyces pombe (strain 972 / ATCC 24843)	Fungi	920	False
Q1K548	Neurospora crassa (strain ATCC 24698 / 74-OR23-1A / CBS 708.71 / DSM 1257 / FGSC 987)	Fungi	477	False
P10156	Tetrahymena thermophila (strain SB210)	Other	164	False
Q5DTT2	Mus musculus	Metazoa	1024	False
Q06563	Saccharomyces cerevisiae (strain ATCC 204508 / S288c)	Fungi	197	True
Q9VEN1	Drosophila melanogaster	Metazoa	2210	False
Q12476	Saccharomyces cerevisiae (strain ATCC 204508 / S288c)	Fungi	344	False
Q8GT66	Pisum sativum	Viridiplantae	436	False
Q9FK13	Arabidopsis thaliana	Viridiplantae	272	False
Q9VJV8	Drosophila melanogaster	Metazoa	361	False
A6YSL1	Zea mays	Viridiplantae	525	False
H2QII6	Pan troglodytes	Metazoa	3224	False
P06180	Xenopus laevis	Metazoa	590	False
Q8IWL3	Homo sapiens	Metazoa	235	False
P34226	Saccharomyces cerevisiae (strain ATCC 204508 / S288c)	Fungi	696	False
Q5IBH7	Mus musculus	Metazoa	310	False
P38262	Saccharomyces cerevisiae (strain ATCC 204508 / S288c)	Fungi	535	False
O76075	Homo sapiens	Metazoa	338	False
Q9USQ4	Schizosaccharomyces pombe (strain 972 / ATCC 24843)	Fungi	396	False
Q9D1F4	Mus musculus	Metazoa	257	False
P51946	Homo sapiens	Metazoa	323	False
Q9CQP8	Mus musculus	Metazoa	194	False
Q94A68	Arabidopsis thaliana	Viridiplantae	377	False
Q8NFJ9	Homo sapiens	Metazoa	593	False
Q08182	Saccharomyces cerevisiae (strain ATCC 204508 / S288c)	Fungi	245	False
P92204	Drosophila melanogaster	Metazoa	280	False
Q9H227	Homo sapiens	Metazoa	469	False
Q8IUH5	Homo sapiens	Metazoa	632	False
Q96E29	Homo sapiens	Metazoa	417	False
Q61146	Mus musculus	Metazoa	521	True
Q4V8P4	Rattus norvegicus	Metazoa	168	False
P40567	Saccharomyces cerevisiae (strain ATCC 204508 / S288c)	Fungi	111	False
P08050	Rattus norvegicus	Metazoa	382	True
P41247	Homo sapiens	Metazoa	253	False
G5EGK6	Caenorhabditis elegans	Metazoa	2407	False
Q8VYD4	Arabidopsis thaliana	Viridiplantae	867	True
Q8TDB4	Homo sapiens	Metazoa	240	True
P43079	Candida albicans (strain SC5314 / ATCC MYA-2876)	Fungi	656	False
Q86UK7	Homo sapiens	Metazoa	904	False
O75821	Homo sapiens	Metazoa	320	False
Q8S9G8	Arabidopsis thaliana	Viridiplantae	801	False
O14285	Schizosaccharomyces pombe (strain 972 / ATCC 24843)	Fungi	164	False
Q5GH62	Mus musculus	Metazoa	373	True
P06454	Homo sapiens	Metazoa	111	False
Q9H0F6	Homo sapiens	Metazoa	387	False
Q9UUI6	Schizosaccharomyces pombe (strain 972 / ATCC 24843)	Fungi	466	False
O15554	Homo sapiens	Metazoa	427	True
Q9HDZ3	Schizosaccharomyces pombe (strain 972 / ATCC 24843)	Fungi	182	False
F4I8I0	Arabidopsis thaliana	Viridiplantae	596	True
O74354	Schizosaccharomyces pombe (strain 972 / ATCC 24843)	Fungi	599	False
P38880	Saccharomyces cerevisiae (strain ATCC 204508 / S288c)	Fungi	579	False
Q9USY3	Schizosaccharomyces pombe (strain 972 / ATCC 24843)	Fungi	708	False
P38790	Saccharomyces cerevisiae (strain ATCC 204508 / S288c)	Fungi	280	False
P42844	Saccharomyces cerevisiae (strain ATCC 204508 / S288c)	Fungi	174	False
P46422	Arabidopsis thaliana	Viridiplantae	212	False
Q9M280	Arabidopsis thaliana	Viridiplantae	116	False
P32567	Saccharomyces cerevisiae (strain ATCC 204508 / S288c)	Fungi	862	False
P62908	Mus musculus	Metazoa	243	False
Q9EPL8	Mus musculus	Metazoa	1038	False
Q8NFQ8	Homo sapiens	Metazoa	470	False
P0CY10	Saccharomyces cerevisiae	Fungi	126	False
Q8CBX0	Mus musculus	Metazoa	802	True
O59678	Schizosaccharomyces pombe (strain 972 / ATCC 24843)	Fungi	166	False
Q9P2H5	Homo sapiens	Metazoa	1018	False
Q9XUK2	Caenorhabditis elegans	Metazoa	307	False
Q04491	Saccharomyces cerevisiae (strain ATCC 204508 / S288c)	Fungi	297	False
P60002	Homo sapiens	Metazoa	83	False
P01100	Homo sapiens	Metazoa	380	False
Q9LTR2	Arabidopsis thaliana	Viridiplantae	381	False
O54825	Mus musculus	Metazoa	436	False
Q01453	Homo sapiens	Metazoa	160	True
Q08215	Saccharomyces cerevisiae (strain ATCC 204508 / S288c)	Fungi	383	False
P48239	Saccharomyces cerevisiae (strain ATCC 204508 / S288c)	Fungi	356	False
Q03429	Saccharomyces cerevisiae (strain ATCC 204508 / S288c)	Fungi	123	False
Q584I8	Trypanosoma brucei brucei (strain 927/4 GUTat10.1)	Other	647	False
Q95QI7	Caenorhabditis elegans	Metazoa	892	False
Q02080	Homo sapiens	Metazoa	365	False
Q9U1H9	Drosophila melanogaster	Metazoa	672	False
Q9USP0	Schizosaccharomyces pombe (strain 972 / ATCC 24843)	Fungi	341	False
Q07534	Saccharomyces cerevisiae (strain ATCC 204508 / S288c)	Fungi	307	True
Q9Y512	Homo sapiens	Metazoa	469	False
A0A2P1GIW3	Catharanthus roseus	Viridiplantae	320	False
P38236	Saccharomyces cerevisiae (strain ATCC 204508 / S288c)	Fungi	366	False
O94667	Schizosaccharomyces pombe (strain 972 / ATCC 24843)	Fungi	560	False
Q06665	Saccharomyces cerevisiae (strain ATCC 204508 / S288c)	Fungi	692	False
P55160	Homo sapiens	Metazoa	1127	False
Q12219	Saccharomyces cerevisiae (strain ATCC 204508 / S288c)	Fungi	294	False
Q9M219	Arabidopsis thaliana	Viridiplantae	558	False
P07249	Saccharomyces cerevisiae (strain ATCC 204508 / S288c)	Fungi	177	False
Q92374	Schizosaccharomyces pombe (strain 972 / ATCC 24843)	Fungi	104	False
Q14019	Homo sapiens	Metazoa	142	False
Q9Y2F5	Homo sapiens	Metazoa	2266	False
Q96AQ6	Homo sapiens	Metazoa	731	False
P43558	Saccharomyces cerevisiae (strain ATCC 204508 / S288c)	Fungi	301	False
Q9LQK7	Arabidopsis thaliana	Viridiplantae	475	False
Q86UV5	Homo sapiens	Metazoa	1035	False
O49668	Arabidopsis thaliana	Viridiplantae	214	False
Q8QFR4	Xenopus laevis	Metazoa	211	False
O13855	Schizosaccharomyces pombe (strain 972 / ATCC 24843)	Fungi	455	False
Q8VZE7	Arabidopsis thaliana	Viridiplantae	671	False
Q9BY27	Homo sapiens	Metazoa	220	False
P25649	Saccharomyces cerevisiae (strain ATCC 204508 / S288c)	Fungi	128	False
Q86BY9	Drosophila melanogaster	Metazoa	1235	False
P36606	Schizosaccharomyces pombe (strain 972 / ATCC 24843)	Fungi	468	True
Q5TGY3	Homo sapiens	Metazoa	1603	False
Q8R3K3	Mus musculus	Metazoa	381	False
Q6NKS4	Arabidopsis thaliana	Viridiplantae	258	False
O43172	Homo sapiens	Metazoa	522	False
F4IUY8	Arabidopsis thaliana	Viridiplantae	1006	False
O15265	Homo sapiens	Metazoa	892	False
Q8W593	Arabidopsis thaliana	Viridiplantae	350	False
D3YXJ0	Mus musculus	Metazoa	1211	False
P53769	Saccharomyces cerevisiae (strain ATCC 204508 / S288c)	Fungi	259	False
Q9SW33	Arabidopsis thaliana	Viridiplantae	225	False
P40090	Saccharomyces cerevisiae (strain ATCC 204508 / S288c)	Fungi	624	False
P16467	Saccharomyces cerevisiae (strain ATCC 204508 / S288c)	Fungi	563	False
P30605	Saccharomyces cerevisiae (strain ATCC 204508 / S288c)	Fungi	584	True
Q9M365	Arabidopsis thaliana	Viridiplantae	359	False
Q96CB8	Homo sapiens	Metazoa	462	False
Q4FX73	Leishmania major	Other	264	False
Q9N425	Caenorhabditis elegans	Metazoa	501	False
Q96T23	Homo sapiens	Metazoa	1441	False
Q08921	Saccharomyces cerevisiae (strain ATCC 204508 / S288c)	Fungi	799	False
Q7X6P3	Arabidopsis thaliana	Viridiplantae	608	False
P14291	Saccharomyces cerevisiae (strain ATCC 204508 / S288c)	Fungi	827	False
Q19555	Caenorhabditis elegans	Metazoa	1096	False
O75161	Homo sapiens	Metazoa	1426	False
Q9LDC0	Arabidopsis thaliana	Viridiplantae	365	False
Q8VYU8	Arabidopsis thaliana	Viridiplantae	396	False
Q12181	Saccharomyces cerevisiae (strain ATCC 204508 / S288c)	Fungi	623	False
P38890	Saccharomyces cerevisiae (strain ATCC 204508 / S288c)	Fungi	526	False
Q08931	Saccharomyces cerevisiae (strain ATCC 204508 / S288c)	Fungi	133	False
F4K933	Arabidopsis thaliana	Viridiplantae	483	False
Q9JKF1	Mus musculus	Metazoa	1657	False
O60016	Schizosaccharomyces pombe (strain 972 / ATCC 24843)	Fungi	490	False
P50110	Saccharomyces cerevisiae (strain ATCC 204508 / S288c)	Fungi	327	True
Q8I6Z7	Plasmodium falciparum (isolate 3D7)	Other	1139	False
P93045	Arabidopsis thaliana	Viridiplantae	240	False
P08456	Saccharomyces cerevisiae (strain ATCC 204508 / S288c)	Fungi	276	True
Q93096	Homo sapiens	Metazoa	173	False
Q9ZSZ8	Arabidopsis thaliana	Viridiplantae	330	False
Q9GS00	Caenorhabditis elegans	Metazoa	601	False
Q8NI36	Homo sapiens	Metazoa	895	False
P21374	Saccharomyces cerevisiae (strain ATCC 204508 / S288c)	Fungi	235	False
Q96NW4	Homo sapiens	Metazoa	1050	False
P70445	Mus musculus	Metazoa	120	False
Q9Y6X0	Homo sapiens	Metazoa	1596	False
Q9BXW9	Homo sapiens	Metazoa	1451	False
Q13501	Homo sapiens	Metazoa	440	False
Q6K9U2	Oryza sativa subsp. japonica	Viridiplantae	279	False
Q06389	Saccharomyces cerevisiae (strain ATCC 204508 / S288c)	Fungi	190	False
P43572	Saccharomyces cerevisiae (strain ATCC 204508 / S288c)	Fungi	832	False
Q84XV2	Arabidopsis thaliana	Viridiplantae	386	False
Q9JLC3	Mus musculus	Metazoa	116	False
Q12180	Saccharomyces cerevisiae (strain ATCC 204508 / S288c)	Fungi	1030	False
Q24322	Drosophila melanogaster	Metazoa	899	True
Q07800	Saccharomyces cerevisiae (strain ATCC 204508 / S288c)	Fungi	427	False
Q9H4I3	Homo sapiens	Metazoa	376	False
O88843	Mus musculus	Metazoa	199	False
P41903	Saccharomyces cerevisiae (strain ATCC 204508 / S288c)	Fungi	349	False
Q8VZS6	Arabidopsis thaliana	Viridiplantae	567	False
O35613	Mus musculus	Metazoa	739	False
O88892	Mus musculus	Metazoa	62	False
Q9JIB0	Mus musculus	Metazoa	185	False
Q96GZ6	Homo sapiens	Metazoa	507	True
Q6P8X9	Mus musculus	Metazoa	189	False
Q8BMA5	Mus musculus	Metazoa	1420	False
Q9SJ12	Arabidopsis thaliana	Viridiplantae	240	False
P36508	Homo sapiens	Metazoa	570	False
P09959	Saccharomyces cerevisiae (strain ATCC 204508 / S288c)	Fungi	803	False
Q8VZQ4	Arabidopsis thaliana	Viridiplantae	536	False
Q4WIN1	Aspergillus fumigatus (strain ATCC MYA-4609 / CBS 101355 / FGSC A1100 / Af293)	Fungi	988	False
Q12082	Saccharomyces cerevisiae (strain ATCC 204508 / S288c)	Fungi	118	True
Q8BJM5	Mus musculus	Metazoa	460	True
Q08444	Saccharomyces cerevisiae (strain ATCC 204508 / S288c)	Fungi	459	False
Q91XT6	Mus musculus	Metazoa	489	False
Q9SN22	Arabidopsis thaliana	Viridiplantae	410	False
P19440	Homo sapiens	Metazoa	569	True
Q5I0X4	Homo sapiens	Metazoa	101	False
P26358	Homo sapiens	Metazoa	1616	False
Q5TB30	Homo sapiens	Metazoa	811	False
Q9V9N4	Drosophila melanogaster	Metazoa	561	False
P22293	Drosophila melanogaster	Metazoa	1325	False
Q6I9Y2	Homo sapiens	Metazoa	204	False
Q9BQ52	Homo sapiens	Metazoa	826	False
Q8RX78	Arabidopsis thaliana	Viridiplantae	684	False
Q96PX9	Homo sapiens	Metazoa	1627	False
O94459	Schizosaccharomyces pombe (strain 972 / ATCC 24843)	Fungi	559	False
P49590	Homo sapiens	Metazoa	506	False
O08586	Mus musculus	Metazoa	403	False
Q9SMH4	Chlamydomonas reinhardtii	Viridiplantae	410	False
Q9HGN5	Schizosaccharomyces pombe (strain 972 / ATCC 24843)	Fungi	279	False
Q8WVF1	Homo sapiens	Metazoa	389	False
Q9UTQ4	Schizosaccharomyces pombe (strain 972 / ATCC 24843)	Fungi	244	False
P41698	Saccharomyces cerevisiae (strain ATCC 204508 / S288c)	Fungi	603	False
P33308	Saccharomyces cerevisiae (strain ATCC 204508 / S288c)	Fungi	149	False
A0A120KVR8	Trypanosoma brucei brucei	Other	1728	False
Q8C9E8	Mus musculus	Metazoa	313	True
Q12340	Saccharomyces cerevisiae (strain ATCC 204508 / S288c)	Fungi	786	False
Q2HXU8	Homo sapiens	Metazoa	276	True
Q3HNG7	Bos taurus	Metazoa	343	False
P53246	Saccharomyces cerevisiae (strain ATCC 204508 / S288c)	Fungi	860	False
P38998	Saccharomyces cerevisiae (strain ATCC 204508 / S288c)	Fungi	373	False
Q9ERH4	Mus musculus	Metazoa	427	False
P43587	Saccharomyces cerevisiae (strain ATCC 204508 / S288c)	Fungi	155	False
Q63HR2	Homo sapiens	Metazoa	1409	False
Q9HGN4	Schizosaccharomyces pombe (strain 972 / ATCC 24843)	Fungi	151	False
Q80T11	Mus musculus	Metazoa	461	False
Q12802	Homo sapiens	Metazoa	2813	False
P15436	Saccharomyces cerevisiae (strain ATCC 204508 / S288c)	Fungi	1097	False
Q9QXV1	Mus musculus	Metazoa	362	False
Q13352	Homo sapiens	Metazoa	177	False
P47006	Saccharomyces cerevisiae (strain ATCC 204508 / S288c)	Fungi	233	False
Q66HL2	Rattus norvegicus	Metazoa	509	False
Q15029	Homo sapiens	Metazoa	972	False
Q9UPX6	Homo sapiens	Metazoa	916	False
P35244	Homo sapiens	Metazoa	121	False
O75475	Homo sapiens	Metazoa	530	False
Q9LTK0	Arabidopsis thaliana	Viridiplantae	191	False
P62241	Homo sapiens	Metazoa	208	False
Q9UHA3	Homo sapiens	Metazoa	163	False
P01880	Homo sapiens	Metazoa	430	False
P50479	Homo sapiens	Metazoa	330	False
Q69YH5	Homo sapiens	Metazoa	1023	False
Q9P6S5	Schizosaccharomyces pombe (strain 972 / ATCC 24843)	Fungi	307	False
P48732	Arabidopsis thaliana	Viridiplantae	543	False
D3ZUI5	Rattus norvegicus	Metazoa	1133	False
O94913	Homo sapiens	Metazoa	1555	False
O42855	Schizosaccharomyces pombe (strain 972 / ATCC 24843)	Fungi	303	False
Q9ES56	Mus musculus	Metazoa	219	False
P21827	Saccharomyces cerevisiae (strain ATCC 204508 / S288c)	Fungi	482	False
P53062	Saccharomyces cerevisiae (strain ATCC 204508 / S288c)	Fungi	197	True
P17429	Emericella nidulans (strain FGSC A4 / ATCC 38163 / CBS 112.46 / NRRL 194 / M139)	Fungi	876	False
Q8TC56	Homo sapiens	Metazoa	605	False
P21549	Homo sapiens	Metazoa	392	False
P32451	Saccharomyces cerevisiae (strain ATCC 204508 / S288c)	Fungi	375	False
P37271	Arabidopsis thaliana	Viridiplantae	422	False
Q96BQ5	Homo sapiens	Metazoa	260	False
P46783	Homo sapiens	Metazoa	165	False
Q3V0B4	Mus musculus	Metazoa	1847	False
Q9JHL0	Mus musculus	Metazoa	203	True
Q9UNX4	Homo sapiens	Metazoa	943	False
P38769	Saccharomyces cerevisiae (strain ATCC 204508 / S288c)	Fungi	630	False
Q9LV14	Arabidopsis thaliana	Viridiplantae	520	False
Q9Z0J4	Mus musculus	Metazoa	1429	False
Q9LU39	Arabidopsis thaliana	Viridiplantae	317	False
Q61471	Mus musculus	Metazoa	362	False
Q08050	Homo sapiens	Metazoa	763	False
Q04659	Saccharomyces cerevisiae (strain ATCC 204508 / S288c)	Fungi	317	False
P53192	Saccharomyces cerevisiae (strain ATCC 204508 / S288c)	Fungi	235	True
Q8NF50	Homo sapiens	Metazoa	2099	False
F4K3G5	Arabidopsis thaliana	Viridiplantae	1297	False
P27895	Saccharomyces cerevisiae (strain ATCC 204508 / S288c)	Fungi	1000	False
Q6ZVD8	Homo sapiens	Metazoa	1323	False
Q9NTJ3	Homo sapiens	Metazoa	1288	False
P97931	Mus musculus	Metazoa	306	False
Q6NPS8	Arabidopsis thaliana	Viridiplantae	623	False
P80667	Saccharomyces cerevisiae (strain ATCC 204508 / S288c)	Fungi	386	False
O49782	Arabidopsis thaliana	Viridiplantae	352	False
Q5XG73	Mus musculus	Metazoa	508	False
Q12486	Saccharomyces cerevisiae (strain ATCC 204508 / S288c)	Fungi	218	False
Q80T79	Mus musculus	Metazoa	3707	True
Q8GYD9	Arabidopsis thaliana	Viridiplantae	1002	False
Q06632	Saccharomyces cerevisiae (strain ATCC 204508 / S288c)	Fungi	1357	False
Q9S7E9	Arabidopsis thaliana	Viridiplantae	481	False
Q9BQA5	Homo sapiens	Metazoa	517	False
Q96B23	Homo sapiens	Metazoa	404	False
Q9BW27	Homo sapiens	Metazoa	656	False
Q9LEX1	Arabidopsis thaliana	Viridiplantae	510	True
Q69Z66	Mus musculus	Metazoa	819	False
Q8SAB7	Arabidopsis thaliana	Viridiplantae	1830	False
P43569	Saccharomyces cerevisiae (strain ATCC 204508 / S288c)	Fungi	289	False
P36168	Saccharomyces cerevisiae (strain ATCC 204508 / S288c)	Fungi	1195	False
Q96EA4	Homo sapiens	Metazoa	605	False
Q9JL55	Rattus norvegicus	Metazoa	331	True
P40061	Saccharomyces cerevisiae (strain ATCC 204508 / S288c)	Fungi	1430	False
P34447	Caenorhabditis elegans	Metazoa	867	False
Q61097	Mus musculus	Metazoa	873	False
O04121	Spinacia oleracea	Viridiplantae	439	False
A2AMM0	Mus musculus	Metazoa	362	False
Q6PP77	Homo sapiens	Metazoa	449	True
Q9D495	Mus musculus	Metazoa	329	False
Q9C9T3	Arabidopsis thaliana	Viridiplantae	67	False
Q9SA14	Arabidopsis thaliana	Viridiplantae	404	False
P16989	Homo sapiens	Metazoa	372	False
Q93YQ3	Arabidopsis thaliana	Viridiplantae	323	False
P53930	Saccharomyces cerevisiae (strain ATCC 204508 / S288c)	Fungi	226	False
Q63425	Rattus norvegicus	Metazoa	1383	False
O74796	Schizosaccharomyces pombe (strain 972 / ATCC 24843)	Fungi	264	False
Q7SD06	Neurospora crassa (strain ATCC 24698 / 74-OR23-1A / CBS 708.71 / DSM 1257 / FGSC 987)	Fungi	469	False
Q9NGX9	Drosophila melanogaster	Metazoa	489	False
P53102	Saccharomyces cerevisiae (strain ATCC 204508 / S288c)	Fungi	219	False
P32499	Saccharomyces cerevisiae (strain ATCC 204508 / S288c)	Fungi	720	False
P34981	Homo sapiens	Metazoa	398	True
Q05027	Saccharomyces cerevisiae (strain ATCC 204508 / S288c)	Fungi	157	False
Q9LR78	Arabidopsis thaliana	Viridiplantae	793	False
P82195	Spinacia oleracea	Viridiplantae	166	False
Q93ZG9	Arabidopsis thaliana	Viridiplantae	477	False
Q09904	Schizosaccharomyces pombe (strain 972 / ATCC 24843)	Fungi	1159	False
Q9SZR9	Arabidopsis thaliana	Viridiplantae	638	False
Q9EPI8	Rattus norvegicus	Metazoa	374	False
P46984	Saccharomyces cerevisiae (strain ATCC 204508 / S288c)	Fungi	123	False
Q12208	Saccharomyces cerevisiae (strain ATCC 204508 / S288c)	Fungi	290	False
P48771	Mus musculus	Metazoa	83	True
Q9FWR4	Arabidopsis thaliana	Viridiplantae	213	False
Q04279	Saccharomyces cerevisiae (strain ATCC 204508 / S288c)	Fungi	960	False
P04817	Saccharomyces cerevisiae (strain ATCC 204508 / S288c)	Fungi	590	False
Q9WVM1	Mus musculus	Metazoa	628	False
F8VPJ6	Mus musculus	Metazoa	1459	False
A1L188	Homo sapiens	Metazoa	74	False
A0A1W2P872	Mus musculus	Metazoa	492	False
Q9CQT9	Mus musculus	Metazoa	129	True
Q9H3F6	Homo sapiens	Metazoa	313	False
Q9UJS0	Homo sapiens	Metazoa	675	False
P39990	Saccharomyces cerevisiae (strain ATCC 204508 / S288c)	Fungi	126	False
P87297	Schizosaccharomyces pombe (strain 972 / ATCC 24843)	Fungi	90	False
Q96529	Arabidopsis thaliana	Viridiplantae	490	False
P32970	Homo sapiens	Metazoa	193	True
Q9BS16	Homo sapiens	Metazoa	269	False
Q53JF7	Oryza sativa subsp. japonica	Viridiplantae	138	False
Q60817	Mus musculus	Metazoa	215	False
Q9Y7Y6	Schizosaccharomyces pombe (strain 972 / ATCC 24843)	Fungi	291	False
Q04545	Saccharomyces cerevisiae (strain ATCC 204508 / S288c)	Fungi	1251	False
P08518	Saccharomyces cerevisiae (strain ATCC 204508 / S288c)	Fungi	1224	False
Q6PI77	Homo sapiens	Metazoa	547	False
Q6PIZ9	Homo sapiens	Metazoa	186	True
Q68DD2	Homo sapiens	Metazoa	849	False
Q9UPW6	Homo sapiens	Metazoa	733	False
Q9P7B8	Schizosaccharomyces pombe (strain 972 / ATCC 24843)	Fungi	399	False
Q84JL7	Arabidopsis thaliana	Viridiplantae	330	False
Q9C685	Arabidopsis thaliana	Viridiplantae	211	False
P21771	Saccharomyces cerevisiae (strain ATCC 204508 / S288c)	Fungi	286	False
O94450	Schizosaccharomyces pombe (strain 972 / ATCC 24843)	Fungi	501	False
P07978	Mus musculus	Metazoa	107	False
O18381	Drosophila melanogaster	Metazoa	857	False
O54724	Mus musculus	Metazoa	392	False
Q9JM05	Mus musculus	Metazoa	507	False
Q3ZBF9	Bos taurus	Metazoa	296	False
P40477	Saccharomyces cerevisiae (strain ATCC 204508 / S288c)	Fungi	1460	False
P53004	Homo sapiens	Metazoa	296	False
P53725	Saccharomyces cerevisiae (strain ATCC 204508 / S288c)	Fungi	186	False
Q6ZWK4	Homo sapiens	Metazoa	172	True
Q8GW29	Arabidopsis thaliana	Viridiplantae	217	False
Q9UJA2	Homo sapiens	Metazoa	301	False
Q7S300	Neurospora crassa (strain ATCC 24698 / 74-OR23-1A / CBS 708.71 / DSM 1257 / FGSC 987)	Fungi	138	False
O94664	Schizosaccharomyces pombe (strain 972 / ATCC 24843)	Fungi	234	False
P14712	Arabidopsis thaliana	Viridiplantae	1122	False
P06746	Homo sapiens	Metazoa	335	False
Q9Y3D7	Homo sapiens	Metazoa	125	False
Q8CI52	Mus musculus	Metazoa	662	False
Q9WU12	Mus musculus	Metazoa	71	False
Q3E756	Saccharomyces cerevisiae (strain ATCC 204508 / S288c)	Fungi	94	False
Q02770	Saccharomyces cerevisiae (strain ATCC 204508 / S288c)	Fungi	301	False
P34802	Arabidopsis thaliana	Viridiplantae	371	False
Q8T053	Drosophila melanogaster	Metazoa	434	False
Q14D04	Homo sapiens	Metazoa	833	False
Q6ZJM9	Oryza sativa subsp. japonica	Viridiplantae	563	False
Q9UL03	Homo sapiens	Metazoa	887	False
P08433	Scyliorhinus canicula	Metazoa	51	False
O13788	Schizosaccharomyces pombe (strain 972 / ATCC 24843)	Fungi	527	False
Q9Y5S8	Homo sapiens	Metazoa	564	True
P82916	Bos taurus	Metazoa	130	False
Q60974	Mus musculus	Metazoa	2453	False
Q5XF06	Arabidopsis thaliana	Viridiplantae	469	False
P23490	Homo sapiens	Metazoa	312	False
P38081	Saccharomyces cerevisiae (strain ATCC 204508 / S288c)	Fungi	501	False
Q9EST4	Mus musculus	Metazoa	264	False
Q9SI64	Arabidopsis thaliana	Viridiplantae	702	False
F8VPU2	Mus musculus	Metazoa	1048	False
Q8IG69	Caenorhabditis elegans	Metazoa	100	False
P69851	Saccharomyces cerevisiae (strain ATCC 204508 / S288c)	Fungi	72	False
Q9NQ33	Homo sapiens	Metazoa	181	False
P40007	Saccharomyces cerevisiae (strain ATCC 204508 / S288c)	Fungi	231	False
P87152	Schizosaccharomyces pombe (strain 972 / ATCC 24843)	Fungi	992	False
A0A3Q7HWE4	Solanum lycopersicum	Viridiplantae	165	False
Q9Y3D5	Homo sapiens	Metazoa	142	False
Q3T0J3	Bos taurus	Metazoa	251	False
P22009	Candida tropicalis	Fungi	127	False
P56780	Arabidopsis thaliana	Viridiplantae	73	True
P38873	Saccharomyces cerevisiae (strain ATCC 204508 / S288c)	Fungi	1557	False
Q9NPJ4	Homo sapiens	Metazoa	139	False
P62993	Homo sapiens	Metazoa	217	False
Q3EBQ3	Arabidopsis thaliana	Viridiplantae	807	False
Q56NI9	Homo sapiens	Metazoa	601	False
Q9P000	Homo sapiens	Metazoa	198	False
Q94BQ3	Arabidopsis thaliana	Viridiplantae	757	False
P35269	Homo sapiens	Metazoa	517	False
O65370	Arabidopsis thaliana	Viridiplantae	138	False
F1MH24	Bos taurus	Metazoa	957	False
P11930	Mus musculus	Metazoa	357	False
O96006	Homo sapiens	Metazoa	694	False
Q8INM3	Drosophila melanogaster	Metazoa	1420	False
Q08365	Chlamydomonas reinhardtii	Viridiplantae	712	False
Q7S910	Neurospora crassa (strain ATCC 24698 / 74-OR23-1A / CBS 708.71 / DSM 1257 / FGSC 987)	Fungi	263	False
O48716	Arabidopsis thaliana	Viridiplantae	465	False
Q961D9	Drosophila melanogaster	Metazoa	1469	False
Q8IXH6	Homo sapiens	Metazoa	220	False
Q16533	Homo sapiens	Metazoa	368	False
Q9H0U6	Homo sapiens	Metazoa	180	False
O13699	Schizosaccharomyces pombe (strain 972 / ATCC 24843)	Fungi	430	False
Q95XQ1	Caenorhabditis elegans	Metazoa	578	False
P33240	Homo sapiens	Metazoa	577	False
Q709R6	Drosophila melanogaster	Metazoa	399	False
B1ASB6	Mus musculus	Metazoa	1015	False
Q9BSJ6	Homo sapiens	Metazoa	248	False
Q9UID6	Homo sapiens	Metazoa	485	False
P0DYC3	Talaromyces sp	Fungi	665	False
P38285	Saccharomyces cerevisiae (strain ATCC 204508 / S288c)	Fungi	549	False
J9VLJ9	Cryptococcus neoformans (strain H99 / ATCC 208821 / CBS 10515 / FGSC 9487)	Fungi	154	False
Q8WW12	Homo sapiens	Metazoa	178	False
P32372	Schizosaccharomyces pombe (strain 972 / ATCC 24843)	Fungi	648	False
P38891	Saccharomyces cerevisiae (strain ATCC 204508 / S288c)	Fungi	393	False
Q6NLC1	Arabidopsis thaliana	Viridiplantae	706	True
Q5BJX1	Rattus norvegicus	Metazoa	134	False
O15417	Homo sapiens	Metazoa	2968	False
Q9JI13	Mus musculus	Metazoa	469	False
O44548	Caenorhabditis elegans	Metazoa	877	False
Q58A45	Homo sapiens	Metazoa	887	False
Q8C886	Mus musculus	Metazoa	610	False
Q9FFA7	Arabidopsis thaliana	Viridiplantae	368	False
P38170	Saccharomyces cerevisiae (strain ATCC 204508 / S288c)	Fungi	754	False
O14188	Schizosaccharomyces pombe (strain 972 / ATCC 24843)	Fungi	1489	False
Q9CQZ6	Mus musculus	Metazoa	104	True
Q96EV2	Homo sapiens	Metazoa	1170	False
Q8NF91	Homo sapiens	Metazoa	8797	False
P54113	Saccharomyces cerevisiae (strain ATCC 204508 / S288c)	Fungi	591	False
O35820	Rattus norvegicus	Metazoa	163	False
A2AIV2	Mus musculus	Metazoa	1811	False
O96624	Dictyostelium discoideum	Other	174	False
Q9SZ63	Arabidopsis thaliana	Viridiplantae	309	False
O45717	Caenorhabditis elegans	Metazoa	293	False
Q61510	Mus musculus	Metazoa	634	False
Q8TB37	Homo sapiens	Metazoa	319	False
Q9JKT3	Mus musculus	Metazoa	297	True
O43068	Schizosaccharomyces pombe (strain 972 / ATCC 24843)	Fungi	421	False
Q9C9T2	Arabidopsis thaliana	Viridiplantae	451	False
P38265	Saccharomyces cerevisiae (strain ATCC 204508 / S288c)	Fungi	245	False
P40543	Saccharomyces cerevisiae (strain ATCC 204508 / S288c)	Fungi	189	False
Q6A0D4	Mus musculus	Metazoa	554	False
O70372	Mus musculus	Metazoa	1122	False
Q9VD44	Drosophila melanogaster	Metazoa	1364	False
Q9UQ35	Homo sapiens	Metazoa	2752	False
Q8NEY3	Homo sapiens	Metazoa	305	False
Q9HGM8	Schizosaccharomyces pombe (strain 972 / ATCC 24843)	Fungi	695	False
Q06683	Saccharomyces cerevisiae (strain ATCC 204508 / S288c)	Fungi	689	False
O80683	Arabidopsis thaliana	Viridiplantae	238	False
O88713	Mus musculus	Metazoa	188	True
P40028	Saccharomyces cerevisiae (strain ATCC 204508 / S288c)	Fungi	759	False
P36114	Saccharomyces cerevisiae (strain ATCC 204508 / S288c)	Fungi	725	False
Q6PIU2	Homo sapiens	Metazoa	408	True
Q80TG1	Mus musculus	Metazoa	1036	False
O44997	Caenorhabditis elegans	Metazoa	1425	False
P25632	Saccharomyces cerevisiae (strain ATCC 204508 / S288c)	Fungi	483	False
O43031	Schizosaccharomyces pombe (strain 972 / ATCC 24843)	Fungi	381	False
Q84W56	Arabidopsis thaliana	Viridiplantae	911	False
X5JA13	Arabidopsis thaliana	Viridiplantae	825	False
Q9HCU9	Homo sapiens	Metazoa	246	False
P45968	Caenorhabditis elegans	Metazoa	339	False
Q6B860	Bos taurus	Metazoa	128	False
Q99321	Saccharomyces cerevisiae (strain ATCC 204508 / S288c)	Fungi	188	False
P04197	Drosophila melanogaster	Metazoa	657	False
Q7TMF3	Mus musculus	Metazoa	145	False
P21675	Homo sapiens	Metazoa	1893	False
P54790	Saccharomyces cerevisiae (strain ATCC 204508 / S288c)	Fungi	616	False
Q8NAV1	Homo sapiens	Metazoa	312	False
Q91WK7	Mus musculus	Metazoa	299	False
P81449	Saccharomyces cerevisiae (strain ATCC 204508 / S288c)	Fungi	96	False
P25420	Heliothis virescens	Metazoa	569	False
O02219	Caenorhabditis elegans	Metazoa	453	False
Q9BQ65	Homo sapiens	Metazoa	265	False
Q9NWQ9	Homo sapiens	Metazoa	140	False
P24389	Rattus norvegicus	Metazoa	257	True
P00480	Homo sapiens	Metazoa	354	False
Q9LU21	Arabidopsis thaliana	Viridiplantae	204	False
Q9LTB0	Arabidopsis thaliana	Viridiplantae	752	False
Q7Z5K2	Homo sapiens	Metazoa	1190	False
P54256	Rattus norvegicus	Metazoa	629	False
Q9USR4	Schizosaccharomyces pombe (strain 972 / ATCC 24843)	Fungi	125	False
Q9C7S0	Arabidopsis thaliana	Viridiplantae	295	False
G5EG51	Caenorhabditis elegans	Metazoa	1270	False
Q5XJV7	Mus musculus	Metazoa	1441	False
P0CB49	Rattus norvegicus	Metazoa	1376	False
Q7RXV8	Neurospora crassa (strain ATCC 24698 / 74-OR23-1A / CBS 708.71 / DSM 1257 / FGSC 987)	Fungi	449	False
Q01359	Neurospora crassa (strain ATCC 24698 / 74-OR23-1A / CBS 708.71 / DSM 1257 / FGSC 987)	Fungi	148	False
Q9GZR7	Homo sapiens	Metazoa	859	False
P53927	Saccharomyces cerevisiae (strain ATCC 204508 / S288c)	Fungi	220	False
P46938	Mus musculus	Metazoa	488	False
Q6UB98	Homo sapiens	Metazoa	2062	False
Q12068	Saccharomyces cerevisiae (strain ATCC 204508 / S288c)	Fungi	342	False
Q9D1M4	Mus musculus	Metazoa	174	False
Q80XX4	Rattus norvegicus	Metazoa	82	False
Q9P267	Homo sapiens	Metazoa	1494	False
P0DP88	Danio rerio	Metazoa	75	True
P59540	Homo sapiens	Metazoa	309	True
Q7Z7F0	Homo sapiens	Metazoa	614	False
P53061	Saccharomyces cerevisiae (strain ATCC 204508 / S288c)	Fungi	704	False
Q5ABU7	Candida albicans (strain SC5314 / ATCC MYA-2876)	Fungi	564	False
Q6ZPK0	Mus musculus	Metazoa	688	False
F4ITM1	Arabidopsis thaliana	Viridiplantae	398	False
P40505	Saccharomyces cerevisiae (strain ATCC 204508 / S288c)	Fungi	327	False
Q91YI6	Mus musculus	Metazoa	484	False
Q920Q3	Rattus norvegicus	Metazoa	154	False
P05084	Drosophila melanogaster	Metazoa	758	False
Q99607	Homo sapiens	Metazoa	663	False
P40458	Saccharomyces cerevisiae (strain ATCC 204508 / S288c)	Fungi	529	False
P33417	Saccharomyces cerevisiae (strain ATCC 204508 / S288c)	Fungi	597	False
Q791V5	Mus musculus	Metazoa	303	True
O63075	Chlamydomonas reinhardtii	Viridiplantae	238	True
P47112	Saccharomyces cerevisiae (strain ATCC 204508 / S288c)	Fungi	604	False
O62090	Caenorhabditis elegans	Metazoa	586	False
Q8L983	Arabidopsis thaliana	Viridiplantae	218	False
Q75WF1	Vanrija humicola	Fungi	370	False
Q04431	Saccharomyces cerevisiae (strain ATCC 204508 / S288c)	Fungi	385	False
A8MPH9	Drosophila melanogaster	Metazoa	722	False
Q02486	Saccharomyces cerevisiae (strain ATCC 204508 / S288c)	Fungi	183	False
Q6SJ95	Mus musculus	Metazoa	350	False
Q6NPN9	Arabidopsis thaliana	Viridiplantae	350	False
O88942	Mus musculus	Metazoa	717	False
Q9W1X4	Drosophila melanogaster	Metazoa	1711	False
Q8TF01	Homo sapiens	Metazoa	805	False
Q9FMM3	Arabidopsis thaliana	Viridiplantae	1714	False
Q9NX04	Homo sapiens	Metazoa	203	False
Q54QQ1	Dictyostelium discoideum	Other	1387	False
P47019	Saccharomyces cerevisiae (strain ATCC 204508 / S288c)	Fungi	175	False
Q9NY27	Homo sapiens	Metazoa	417	False
P36161	Saccharomyces cerevisiae (strain ATCC 204508 / S288c)	Fungi	1157	False
P53854	Saccharomyces cerevisiae (strain ATCC 204508 / S288c)	Fungi	179	False
P32489	Saccharomyces cerevisiae (strain ATCC 204508 / S288c)	Fungi	222	False
O43687	Homo sapiens	Metazoa	104	False
Q92597	Homo sapiens	Metazoa	394	False
Q16342	Homo sapiens	Metazoa	344	False
Q91VH1	Mus musculus	Metazoa	375	False
P39685	Saccharomyces cerevisiae (strain ATCC 204508 / S288c)	Fungi	1337	False
Q03525	Saccharomyces cerevisiae (strain ATCC 204508 / S288c)	Fungi	211	False
Q8N108	Homo sapiens	Metazoa	512	False
Q6IUP1	Mus musculus	Metazoa	357	False
Q9UBI1	Homo sapiens	Metazoa	195	False
Q8CH19	Mus musculus	Metazoa	720	False
Q9CQ54	Mus musculus	Metazoa	120	True
Q2TAK8	Homo sapiens	Metazoa	710	False
Q99615	Homo sapiens	Metazoa	494	False
Q9NX76	Homo sapiens	Metazoa	183	True
Q95339	Sus scrofa	Metazoa	88	True
P35192	Saccharomyces cerevisiae (strain ATCC 204508 / S288c)	Fungi	417	False
Q8R4U1	Mus musculus	Metazoa	393	False
Q01593	Arabidopsis thaliana	Viridiplantae	720	False
Q8K585	Rattus norvegicus	Metazoa	107	False
Q8I566	Plasmodium falciparum (isolate 3D7)	Other	442	False
P33441	Saccharomyces cerevisiae (strain ATCC 204508 / S288c)	Fungi	392	False
Q9FLT9	Arabidopsis thaliana	Viridiplantae	259	True
F4IY62	Arabidopsis thaliana	Viridiplantae	883	False
Q02773	Saccharomyces cerevisiae (strain ATCC 204508 / S288c)	Fungi	1202	False
Q96T68	Homo sapiens	Metazoa	719	False
O13999	Schizosaccharomyces pombe (strain 972 / ATCC 24843)	Fungi	187	True
Q9HBH1	Homo sapiens	Metazoa	243	False
D4A3U0	Rattus norvegicus	Metazoa	432	True
Q9VGH1	Drosophila melanogaster	Metazoa	520	False
O60447	Homo sapiens	Metazoa	810	False
Q08047	Zea mays	Viridiplantae	799	False
P53920	Saccharomyces cerevisiae (strain ATCC 204508 / S288c)	Fungi	997	False
O02073	Caenorhabditis elegans	Metazoa	376	False
P70669	Mus musculus	Metazoa	749	True
O54963	Rattus norvegicus	Metazoa	1069	False
Q9SJF1	Arabidopsis thaliana	Viridiplantae	589	False
P91399	Caenorhabditis elegans	Metazoa	926	False
P97287	Mus musculus	Metazoa	331	False
O75691	Homo sapiens	Metazoa	2785	False
Q84LM4	Arabidopsis thaliana	Viridiplantae	764	False
P61023	Rattus norvegicus	Metazoa	195	False
Q92466	Homo sapiens	Metazoa	427	False
P00973	Homo sapiens	Metazoa	400	False
Q96HW7	Homo sapiens	Metazoa	963	False
Q9V629	Drosophila melanogaster	Metazoa	384	False
Q9M394	Arabidopsis thaliana	Viridiplantae	471	False
Q99N89	Mus musculus	Metazoa	183	False
O42998	Schizosaccharomyces pombe (strain 972 / ATCC 24843)	Fungi	1919	False
O97101	Dictyostelium discoideum	Other	1000	False
Q9GYU8	Drosophila melanogaster	Metazoa	702	False
Q9ZT96	Arabidopsis thaliana	Viridiplantae	541	False
P28648	Rattus norvegicus	Metazoa	238	True
Q9DCX2	Mus musculus	Metazoa	161	False
Q12139	Saccharomyces cerevisiae (strain ATCC 204508 / S288c)	Fungi	1133	False
Q9R269	Mus musculus	Metazoa	1755	False
Q0VAA5	Homo sapiens	Metazoa	305	False
Q7TMR7	Rattus norvegicus	Metazoa	522	True
O43052	Schizosaccharomyces pombe (strain 972 / ATCC 24843)	Fungi	1150	False
O59748	Schizosaccharomyces pombe (strain 972 / ATCC 24843)	Fungi	331	False
Q9C8H3	Arabidopsis thaliana	Viridiplantae	776	False
Q39214	Arabidopsis thaliana	Viridiplantae	926	False
A0A8I5ZT12	Rattus norvegicus	Metazoa	1484	False
Q12150	Saccharomyces cerevisiae (strain ATCC 204508 / S288c)	Fungi	2958	True
Q9US14	Schizosaccharomyces pombe (strain 972 / ATCC 24843)	Fungi	268	False
F4JTS8	Arabidopsis thaliana	Viridiplantae	2729	False
Q6C6R8	Yarrowia lipolytica (strain CLIB 122 / E 150)	Fungi	417	False
Q4GZF6	Trypanosoma brucei brucei (strain 927/4 GUTat10.1)	Other	171	False
P80484	Amphidinium carterae	Other	370	False
Q9BRQ5	Homo sapiens	Metazoa	295	True
Q05934	Saccharomyces cerevisiae (strain ATCC 204508 / S288c)	Fungi	901	False
P53148	Saccharomyces cerevisiae (strain ATCC 204508 / S288c)	Fungi	917	False
A0FGR9	Homo sapiens	Metazoa	886	True
Q9HAJ7	Homo sapiens	Metazoa	183	False
E3Q1H1	Trypanosoma brucei brucei	Other	147	False
Q9NV70	Homo sapiens	Metazoa	894	False
Q52K88	Arabidopsis thaliana	Viridiplantae	202	False
Q6PAC3	Mus musculus	Metazoa	445	False
Q86TB3	Homo sapiens	Metazoa	2170	False
Q9NY74	Homo sapiens	Metazoa	926	False
Q92355	Schizosaccharomyces pombe (strain 972 / ATCC 24843)	Fungi	1687	False
Q6L5B5	Oryza sativa subsp. japonica	Viridiplantae	248	False
Q8IBN8	Plasmodium falciparum (isolate 3D7)	Other	899	False
P01098	Saccharomyces cerevisiae (strain ATCC 204508 / S288c)	Fungi	86	False
Q02354	Saccharomyces cerevisiae (strain ATCC 204508 / S288c)	Fungi	440	False
P52306	Homo sapiens	Metazoa	607	False
Q05860	Mus musculus	Metazoa	1466	False
Q925F4	Mus musculus	Metazoa	539	False
Q8IZA0	Homo sapiens	Metazoa	1049	True
O76054	Homo sapiens	Metazoa	403	False
Q9Y7R3	Schizosaccharomyces pombe (strain 972 / ATCC 24843)	Fungi	742	False
O13988	Schizosaccharomyces pombe (strain 972 / ATCC 24843)	Fungi	555	False
Q06188	Saccharomyces cerevisiae (strain ATCC 204508 / S288c)	Fungi	304	False
Q03954	Saccharomyces cerevisiae (strain ATCC 204508 / S288c)	Fungi	165	False
O14388	Schizosaccharomyces pombe (strain 972 / ATCC 24843)	Fungi	136	False
Q9H299	Homo sapiens	Metazoa	93	False
O60130	Schizosaccharomyces pombe (strain 972 / ATCC 24843)	Fungi	827	False
Q9USR9	Schizosaccharomyces pombe (strain 972 / ATCC 24843)	Fungi	643	False
A8DYY6	Drosophila melanogaster	Metazoa	616	False
Q12514	Saccharomyces cerevisiae (strain ATCC 204508 / S288c)	Fungi	560	False
Q6W5P4	Homo sapiens	Metazoa	371	True
Q17895	Caenorhabditis elegans	Metazoa	249	False
O42978	Schizosaccharomyces pombe (strain 972 / ATCC 24843)	Fungi	80	False
Q9SMX3	Arabidopsis thaliana	Viridiplantae	274	False
P32944	Saccharomyces cerevisiae (strain ATCC 204508 / S288c)	Fungi	819	False
Q04341	Saccharomyces cerevisiae (strain ATCC 204508 / S288c)	Fungi	121	False
Q9SYD8	Arabidopsis thaliana	Viridiplantae	210	False
Q9SD11	Arabidopsis thaliana	Viridiplantae	103	False
Q9Y4Z0	Homo sapiens	Metazoa	139	False
F8VPN2	Mus musculus	Metazoa	2785	False
P25298	Saccharomyces cerevisiae (strain ATCC 204508 / S288c)	Fungi	677	False
P40002	Saccharomyces cerevisiae (strain ATCC 204508 / S288c)	Fungi	666	False
Q9EPB4	Mus musculus	Metazoa	193	False
Q9UUJ4	Schizosaccharomyces pombe (strain 972 / ATCC 24843)	Fungi	333	False
P38204	Saccharomyces cerevisiae (strain ATCC 204508 / S288c)	Fungi	145	False
P25555	Saccharomyces cerevisiae (strain ATCC 204508 / S288c)	Fungi	427	False
O13600	Schizosaccharomyces pombe (strain 972 / ATCC 24843)	Fungi	209	False
P53140	Saccharomyces cerevisiae (strain ATCC 204508 / S288c)	Fungi	646	False
Q09275	Caenorhabditis elegans	Metazoa	382	False
Q04408	Saccharomyces cerevisiae (strain ATCC 204508 / S288c)	Fungi	483	False
Q8GZR2	Euglena gracilis	Other	496	False
O74791	Schizosaccharomyces pombe (strain 972 / ATCC 24843)	Fungi	470	False
Q7Z412	Homo sapiens	Metazoa	305	False
Q8C4V4	Mus musculus	Metazoa	428	False
Q8LGB6	Arabidopsis thaliana	Viridiplantae	334	False
Q7Z7C8	Homo sapiens	Metazoa	310	False
O95229	Homo sapiens	Metazoa	277	False
Q8BH07	Mus musculus	Metazoa	226	False
Q01750	Rattus norvegicus	Metazoa	249	False
Q04930	Saccharomyces cerevisiae (strain ATCC 204508 / S288c)	Fungi	467	False
Q91X44	Mus musculus	Metazoa	623	False
Q09842	Schizosaccharomyces pombe (strain 972 / ATCC 24843)	Fungi	407	False
O46385	Bos taurus	Metazoa	2194	False
Q8TE02	Homo sapiens	Metazoa	300	False
Q9NZJ0	Homo sapiens	Metazoa	730	False
O94301	Schizosaccharomyces pombe (strain 972 / ATCC 24843)	Fungi	339	False
Q6UWZ7	Homo sapiens	Metazoa	409	False
Q8WUA4	Homo sapiens	Metazoa	911	False
Q01852	Saccharomyces cerevisiae (strain ATCC 204508 / S288c)	Fungi	431	False
Q9SL92	Arabidopsis thaliana	Viridiplantae	367	False
Q9Y5W9	Homo sapiens	Metazoa	270	False
P53166	Saccharomyces cerevisiae (strain ATCC 204508 / S288c)	Fungi	561	False
Q8K2C6	Mus musculus	Metazoa	310	False
P63212	Bos taurus	Metazoa	71	False
Q9SYJ8	Arabidopsis thaliana	Viridiplantae	372	False
P36141	Saccharomyces cerevisiae (strain ATCC 204508 / S288c)	Fungi	133	False
Q7SA88	Neurospora crassa (strain ATCC 24698 / 74-OR23-1A / CBS 708.71 / DSM 1257 / FGSC 987)	Fungi	439	False
P31356	Todarodes pacificus	Metazoa	448	True
C9JLW8	Homo sapiens	Metazoa	97	False
Q00723	Saccharomyces cerevisiae (strain ATCC 204508 / S288c)	Fungi	242	False
Q9SGA2	Arabidopsis thaliana	Viridiplantae	361	False
Q12748	Saccharomyces cerevisiae (strain ATCC 204508 / S288c)	Fungi	733	False
Q24JJ9	Arabidopsis thaliana	Viridiplantae	361	False
Q6I621	Oryza sativa subsp. japonica	Viridiplantae	510	False
Q00912	Wickerhamomyces anomalus	Fungi	342	False
Q01163	Saccharomyces cerevisiae (strain ATCC 204508 / S288c)	Fungi	450	False
Q9S7D1	Arabidopsis thaliana	Viridiplantae	808	False
Q61234	Mus musculus	Metazoa	503	False
P35183	Saccharomyces cerevisiae (strain ATCC 204508 / S288c)	Fungi	429	False
Q5VWZ2	Homo sapiens	Metazoa	237	False
Q43092	Pisum sativum	Viridiplantae	603	False
Q9STX3	Arabidopsis thaliana	Viridiplantae	151	False
Q9Z206	Mus musculus	Metazoa	595	False
Q9FRL5	Arabidopsis thaliana	Viridiplantae	309	False
P49435	Saccharomyces cerevisiae (strain ATCC 204508 / S288c)	Fungi	187	False
B7WN96	Caenorhabditis elegans	Metazoa	317	False
Q9Y6J0	Homo sapiens	Metazoa	2220	False
Q23229	Caenorhabditis elegans	Metazoa	417	False
P36011	Emericella nidulans (strain FGSC A4 / ATCC 38163 / CBS 112.46 / NRRL 194 / M139)	Fungi	622	False
P38826	Saccharomyces cerevisiae (strain ATCC 204508 / S288c)	Fungi	435	False
P34224	Saccharomyces cerevisiae (strain ATCC 204508 / S288c)	Fungi	193	False
Q9UT03	Schizosaccharomyces pombe (strain 972 / ATCC 24843)	Fungi	677	False
Q9P7E0	Schizosaccharomyces pombe (strain 972 / ATCC 24843)	Fungi	79	True
Q6LA53	Schizosaccharomyces pombe (strain 972 / ATCC 24843)	Fungi	346	False
O95707	Homo sapiens	Metazoa	220	False
Q9Y3Z3	Homo sapiens	Metazoa	626	False
Q9VUB5	Drosophila melanogaster	Metazoa	3146	False
Q86TV6	Homo sapiens	Metazoa	843	False
P53330	Saccharomyces cerevisiae (strain ATCC 204508 / S288c)	Fungi	157	False
Q60866	Mus musculus	Metazoa	349	False
O74904	Schizosaccharomyces pombe (strain 972 / ATCC 24843)	Fungi	122	False
P36046	Saccharomyces cerevisiae (strain ATCC 204508 / S288c)	Fungi	403	True
Q8W4B2	Arabidopsis thaliana	Viridiplantae	333	False
Q04728	Saccharomyces cerevisiae (strain ATCC 204508 / S288c)	Fungi	441	False
Q9I7K6	Drosophila melanogaster	Metazoa	492	False
Q5SY16	Homo sapiens	Metazoa	702	False
Q04623	Saccharomyces cerevisiae (strain ATCC 204508 / S288c)	Fungi	453	False
Q9LK29	Arabidopsis thaliana	Viridiplantae	307	False
A0A075TRA9	Penicillium expansum	Fungi	546	True
Q9CAF6	Arabidopsis thaliana	Viridiplantae	950	False
Q801E2	Xenopus laevis	Metazoa	1116	False
Q9VWF2	Drosophila melanogaster	Metazoa	2006	False
A0A075TRC0	Penicillium expansum	Fungi	1776	False
O04492	Arabidopsis thaliana	Viridiplantae	419	False
P99028	Mus musculus	Metazoa	89	False
P32314	Homo sapiens	Metazoa	431	False
Q9LPW3	Arabidopsis thaliana	Viridiplantae	450	False
P29083	Homo sapiens	Metazoa	439	False
Q01295	Drosophila melanogaster	Metazoa	727	False
Q8N5A5	Homo sapiens	Metazoa	531	False
Q9CQG9	Mus musculus	Metazoa	134	True
Q9LXT3	Arabidopsis thaliana	Viridiplantae	142	False
O13683	Schizosaccharomyces pombe (strain 972 / ATCC 24843)	Fungi	1237	False
Q8N2H3	Homo sapiens	Metazoa	581	False
A0A2I0C2C6	Plasmodium falciparum (isolate NF54)	Other	3078	False
Q7S7U5	Neurospora crassa (strain ATCC 24698 / 74-OR23-1A / CBS 708.71 / DSM 1257 / FGSC 987)	Fungi	71	True
O94255	Schizosaccharomyces pombe (strain 972 / ATCC 24843)	Fungi	244	False
Q15560	Homo sapiens	Metazoa	299	False
Q06525	Saccharomyces cerevisiae (strain ATCC 204508 / S288c)	Fungi	465	False
P01375	Homo sapiens	Metazoa	233	True
P40625	Tetrahymena pyriformis	Other	99	False
Q15649	Homo sapiens	Metazoa	155	False
Q03557	Saccharomyces cerevisiae (strain ATCC 204508 / S288c)	Fungi	464	False
P36094	Saccharomyces cerevisiae (strain ATCC 204508 / S288c)	Fungi	363	False
P91082	Caenorhabditis elegans	Metazoa	317	False
Q8VZD4	Arabidopsis thaliana	Viridiplantae	709	False
Q60547	Mesocricetus auratus	Metazoa	234	False
Q10198	Schizosaccharomyces pombe (strain 972 / ATCC 24843)	Fungi	624	False
Q9JLM4	Mus musculus	Metazoa	1370	False
P00396	Bos taurus	Metazoa	514	True
Q8NDV2	Homo sapiens	Metazoa	337	True
P09211	Homo sapiens	Metazoa	210	False
Q9AUE0	Arabidopsis thaliana	Viridiplantae	1950	False
Q14690	Homo sapiens	Metazoa	1871	False
P28328	Homo sapiens	Metazoa	305	True
Q9UGC7	Homo sapiens	Metazoa	380	False
Q9V6L9	Drosophila melanogaster	Metazoa	255	False
P38633	Saccharomyces cerevisiae (strain ATCC 204508 / S288c)	Fungi	127	False
O94979	Homo sapiens	Metazoa	1220	False
P40486	Saccharomyces cerevisiae (strain ATCC 204508 / S288c)	Fungi	507	False
Q8BGW0	Mus musculus	Metazoa	636	False
O17514	Caenorhabditis elegans	Metazoa	773	False
Q9C950	Arabidopsis thaliana	Viridiplantae	643	False
Q9Z0D9	Mus musculus	Metazoa	354	True
P21727	Pisum sativum	Viridiplantae	402	False
Q9UMY1	Homo sapiens	Metazoa	257	False
G8GJ94	Salvia sclarea	Viridiplantae	575	False
Q9H061	Homo sapiens	Metazoa	195	True
O60674	Homo sapiens	Metazoa	1132	False
A6NJ78	Homo sapiens	Metazoa	407	False
E9PYL2	Mus musculus	Metazoa	2035	False
O95900	Homo sapiens	Metazoa	331	False
Q9Z0P7	Mus musculus	Metazoa	484	False
Q96PY6	Homo sapiens	Metazoa	1258	False
Q9CQF3	Mus musculus	Metazoa	227	False
Q07623	Saccharomyces cerevisiae (strain ATCC 204508 / S288c)	Fungi	225	False
Q94234	Caenorhabditis elegans	Metazoa	204	False
P41073	Drosophila melanogaster	Metazoa	716	False
P38279	Saccharomyces cerevisiae (strain ATCC 204508 / S288c)	Fungi	296	True
P13489	Homo sapiens	Metazoa	461	False
P56287	Schizosaccharomyces pombe (strain 972 / ATCC 24843)	Fungi	678	False
O75575	Homo sapiens	Metazoa	148	False
Q86W26	Homo sapiens	Metazoa	655	False
Q03111	Homo sapiens	Metazoa	559	False
P29461	Saccharomyces cerevisiae (strain ATCC 204508 / S288c)	Fungi	750	False
Q8N8Q8	Homo sapiens	Metazoa	333	False
Q96C01	Homo sapiens	Metazoa	138	False
P38848	Saccharomyces cerevisiae (strain ATCC 204508 / S288c)	Fungi	579	False
Q00013	Homo sapiens	Metazoa	466	False
H9A1V3	Cannabis sativa	Viridiplantae	720	False
P50105	Saccharomyces cerevisiae (strain ATCC 204508 / S288c)	Fungi	388	False
Q9BW66	Homo sapiens	Metazoa	212	False
K4CWS6	Solanum lycopersicum	Viridiplantae	470	False
Q9LZ08	Arabidopsis thaliana	Viridiplantae	214	False
Q969T9	Homo sapiens	Metazoa	261	False
G5EF48	Caenorhabditis elegans	Metazoa	350	True
Q5JNS0	Oryza sativa subsp. japonica	Viridiplantae	379	False
P53077	Saccharomyces cerevisiae (strain ATCC 204508 / S288c)	Fungi	123	False
Q15024	Homo sapiens	Metazoa	291	False
Q9Y2I1	Homo sapiens	Metazoa	1504	False
Q8WUG5	Homo sapiens	Metazoa	649	False
Q8L7C9	Arabidopsis thaliana	Viridiplantae	217	False
Q9ESK9	Mus musculus	Metazoa	1588	False
Q7RTY1	Homo sapiens	Metazoa	509	True
O60779	Homo sapiens	Metazoa	497	True
P17694	Bos taurus	Metazoa	463	False
P09114	Nicotiana tabacum	Viridiplantae	664	False
Q04305	Saccharomyces cerevisiae (strain ATCC 204508 / S288c)	Fungi	513	False
P08067	Saccharomyces cerevisiae (strain ATCC 204508 / S288c)	Fungi	215	True
Q75GR5	Oryza sativa subsp. japonica	Viridiplantae	281	False
Q9Y508	Homo sapiens	Metazoa	228	False
Q9UPZ3	Homo sapiens	Metazoa	1129	False
Q8N5I2	Homo sapiens	Metazoa	433	False
Q9BUU2	Homo sapiens	Metazoa	404	False
Q06682	Saccharomyces cerevisiae (strain ATCC 204508 / S288c)	Fungi	500	False
P49704	Saccharomyces cerevisiae (strain ATCC 204508 / S288c)	Fungi	494	False
Q6NZ36	Homo sapiens	Metazoa	180	False
Q05498	Saccharomyces cerevisiae (strain ATCC 204508 / S288c)	Fungi	189	False
A0A509AQJ1	Plasmodium berghei (strain Anka)	Other	1340	False
Q9ESE1	Mus musculus	Metazoa	2856	False
Q9P6N2	Schizosaccharomyces pombe (strain 972 / ATCC 24843)	Fungi	229	False
Q96JB3	Homo sapiens	Metazoa	615	False
Q6NVF4	Mus musculus	Metazoa	1074	False
Q80T22	Rattus norvegicus	Metazoa	484	True
P52960	Saccharomyces cerevisiae (strain ATCC 204508 / S288c)	Fungi	996	False
Q7Z602	Homo sapiens	Metazoa	305	True
O15360	Homo sapiens	Metazoa	1455	False
P55081	Homo sapiens	Metazoa	439	False
Q96WW2	Schizosaccharomyces pombe (strain 972 / ATCC 24843)	Fungi	383	False
P38710	Saccharomyces cerevisiae (strain ATCC 204508 / S288c)	Fungi	295	False
Q2M3R5	Homo sapiens	Metazoa	365	True
Q6UPE1	Rattus norvegicus	Metazoa	616	False
P08212	Pisum sativum	Viridiplantae	81	True
O35683	Mus musculus	Metazoa	70	True
Q5T9L3	Homo sapiens	Metazoa	541	True
Q7Z5Q5	Homo sapiens	Metazoa	900	False
Q8TEA8	Homo sapiens	Metazoa	209	False
Q6PB66	Mus musculus	Metazoa	1392	False
Q8VZS0	Arabidopsis thaliana	Viridiplantae	321	True
Q6DBA5	Arabidopsis thaliana	Viridiplantae	205	False
O24629	Arabidopsis thaliana	Viridiplantae	502	False
Q9P305	Saccharomyces cerevisiae (strain ATCC 204508 / S288c)	Fungi	131	False
C4R3D4	Komagataella phaffii (strain GS115 / ATCC 20864)	Fungi	461	True
P02836	Drosophila melanogaster	Metazoa	552	False
D3YXK1	Mus musculus	Metazoa	519	False
Q9BRG1	Homo sapiens	Metazoa	176	False
Q92733	Homo sapiens	Metazoa	491	False
O09111	Mus musculus	Metazoa	151	True
Q5XKL5	Homo sapiens	Metazoa	1792	False
Q7TQP3	Mus musculus	Metazoa	335	True
Q99J99	Mus musculus	Metazoa	297	False
O55029	Mus musculus	Metazoa	905	False
Q60674	Mus musculus	Metazoa	576	False
Q9H813	Homo sapiens	Metazoa	350	True
Q42736	Flaveria pringlei	Viridiplantae	956	False
O08901	Mus musculus	Metazoa	1058	False
Q9Y5Y5	Homo sapiens	Metazoa	336	True
Q8VY77	Arabidopsis thaliana	Viridiplantae	91	True
Q8WUF5	Homo sapiens	Metazoa	828	False
P53850	Saccharomyces cerevisiae (strain ATCC 204508 / S288c)	Fungi	401	False
O88873	Rattus norvegicus	Metazoa	529	False
A0A0F7G352	Vanilla planifolia	Viridiplantae	356	False
J9VE33	Cryptococcus neoformans (strain H99 / ATCC 208821 / CBS 10515 / FGSC 9487)	Fungi	1094	False
Q6PFQ7	Mus musculus	Metazoa	802	False
Q42545	Arabidopsis thaliana	Viridiplantae	433	False
Q63ZY3	Homo sapiens	Metazoa	851	False
Q9BZC1	Homo sapiens	Metazoa	486	False
Q9UQN3	Homo sapiens	Metazoa	213	False
P32569	Saccharomyces cerevisiae (strain ATCC 204508 / S288c)	Fungi	687	False
O95415	Homo sapiens	Metazoa	125	True
P32120	Bos taurus	Metazoa	420	False
P0DKJ7	Arabidopsis thaliana	Viridiplantae	813	False
P47069	Saccharomyces cerevisiae (strain ATCC 204508 / S288c)	Fungi	682	False
Q69IL4	Oryza sativa subsp. japonica	Viridiplantae	380	False
Q9P2P6	Homo sapiens	Metazoa	4700	False
Q02732	Saccharomyces cerevisiae (strain ATCC 204508 / S288c)	Fungi	369	False
Q8N3J2	Homo sapiens	Metazoa	472	False
Q99JB8	Mus musculus	Metazoa	424	False
Q9LK57	Arabidopsis thaliana	Viridiplantae	394	False
Q923B3	Mus musculus	Metazoa	828	False
Q10252	Schizosaccharomyces pombe (strain 972 / ATCC 24843)	Fungi	358	True
Q05635	Saccharomyces cerevisiae (strain ATCC 204508 / S288c)	Fungi	350	False
Q6J9Q2	Arabidopsis thaliana	Viridiplantae	348	False
Q5T5X7	Homo sapiens	Metazoa	828	False
P46309	Arabidopsis thaliana	Viridiplantae	522	False
O24606	Arabidopsis thaliana	Viridiplantae	628	False
Q7ZT82	Danio rerio	Metazoa	382	False
Q9VEA5	Drosophila melanogaster	Metazoa	139	False
B3DMA2	Rattus norvegicus	Metazoa	779	False
Q86XK3	Homo sapiens	Metazoa	245	False
Q9JL04	Mus musculus	Metazoa	1578	False
Q9UUC7	Schizosaccharomyces pombe (strain 972 / ATCC 24843)	Fungi	366	False
O13297	Saccharomyces cerevisiae (strain ATCC 204508 / S288c)	Fungi	549	False
P40362	Saccharomyces cerevisiae (strain ATCC 204508 / S288c)	Fungi	594	False
Q9CA42	Arabidopsis thaliana	Viridiplantae	1085	False
Q10666	Caenorhabditis elegans	Metazoa	438	False
Q13356	Homo sapiens	Metazoa	520	False
P56785	Arabidopsis thaliana	Viridiplantae	1786	True
Q03631	Saccharomyces cerevisiae (strain ATCC 204508 / S288c)	Fungi	944	False
Q156A1	Homo sapiens	Metazoa	80	False
Q9LEM8	Chlamydomonas reinhardtii	Viridiplantae	1385	False
A1A519	Homo sapiens	Metazoa	330	False
Q99KP6	Mus musculus	Metazoa	504	False
Q921N8	Mus musculus	Metazoa	327	False
Q8RWH9	Arabidopsis thaliana	Viridiplantae	513	False
Q96NY9	Homo sapiens	Metazoa	551	False
P15340	Gallus gallus	Metazoa	62	False
Q9NVI1	Homo sapiens	Metazoa	1328	False
Q9P0U1	Homo sapiens	Metazoa	55	True
Q9VEX9	Drosophila melanogaster	Metazoa	150	False
B5X0I6	Arabidopsis thaliana	Viridiplantae	1091	False
Q02410	Homo sapiens	Metazoa	837	False
P53114	Saccharomyces cerevisiae (strain ATCC 204508 / S288c)	Fungi	1132	False
Q8VHW8	Rattus norvegicus	Metazoa	275	True
Q5S006	Mus musculus	Metazoa	2527	False
Q9LYB9	Arabidopsis thaliana	Viridiplantae	186	False
Q6PFX2	Mus musculus	Metazoa	281	False
P05085	Saccharomyces cerevisiae (strain ATCC 204508 / S288c)	Fungi	880	False
Q93WX6	Arabidopsis thaliana	Viridiplantae	463	False
Q9LTW4	Arabidopsis thaliana	Viridiplantae	461	False
Q9VVV9	Drosophila melanogaster	Metazoa	928	False
P20436	Saccharomyces cerevisiae (strain ATCC 204508 / S288c)	Fungi	146	False
O81098	Arabidopsis thaliana	Viridiplantae	205	False
Q8LPQ9	Arabidopsis thaliana	Viridiplantae	901	False
Q06668	Saccharomyces cerevisiae (strain ATCC 204508 / S288c)	Fungi	471	False
P15313	Homo sapiens	Metazoa	513	False
P39996	Saccharomyces cerevisiae (strain ATCC 204508 / S288c)	Fungi	337	False
P53072	Saccharomyces cerevisiae (strain ATCC 204508 / S288c)	Fungi	289	False
Q8IWZ6	Homo sapiens	Metazoa	715	False
Q940M2	Arabidopsis thaliana	Viridiplantae	476	False
O00562	Homo sapiens	Metazoa	1244	False
G5EGE9	Caenorhabditis elegans	Metazoa	1263	False
Q2V3L3	Arabidopsis thaliana	Viridiplantae	387	False
Q6Z955	Oryza sativa subsp. japonica	Viridiplantae	518	False
Q9UJX3	Homo sapiens	Metazoa	565	False
Q6UWF3	Homo sapiens	Metazoa	145	True
Q9UJU6	Homo sapiens	Metazoa	430	False
O76902	Drosophila melanogaster	Metazoa	316	False
P40517	Saccharomyces cerevisiae (strain ATCC 204508 / S288c)	Fungi	327	False
Q9FVQ1	Arabidopsis thaliana	Viridiplantae	557	False
Q9UT18	Schizosaccharomyces pombe (strain 972 / ATCC 24843)	Fungi	591	False
Q13685	Homo sapiens	Metazoa	434	False
Q13029	Homo sapiens	Metazoa	1718	False
Q9S713	Arabidopsis thaliana	Viridiplantae	562	False
O82357	Arabidopsis thaliana	Viridiplantae	347	False
B8Y6I0	Zea mays	Viridiplantae	786	False
P53817	Rattus norvegicus	Metazoa	160	False
Q9VSA3	Drosophila melanogaster	Metazoa	419	False
Q6P9F0	Homo sapiens	Metazoa	684	False
Q9MA15	Arabidopsis thaliana	Viridiplantae	711	False
P83456	Gadus morhua	Metazoa	477	False
P40038	Saccharomyces cerevisiae (strain ATCC 204508 / S288c)	Fungi	420	False
Q9LVH4	Arabidopsis thaliana	Viridiplantae	177	False
A0A1B0GSN8	Mus musculus	Metazoa	89	True
Q6A078	Mus musculus	Metazoa	2472	False
O94329	Schizosaccharomyces pombe (strain 972 / ATCC 24843)	Fungi	183	False
Q8LLD0	Arabidopsis thaliana	Viridiplantae	1046	False
O75426	Homo sapiens	Metazoa	580	False
Q9UJQ4	Homo sapiens	Metazoa	1053	False
Q96DZ5	Homo sapiens	Metazoa	547	False
Q4WSD1	Aspergillus fumigatus (strain ATCC MYA-4609 / CBS 101355 / FGSC A1100 / Af293)	Fungi	523	False
Q8TCY9	Homo sapiens	Metazoa	931	False
Q99K82	Mus musculus	Metazoa	555	False
Q32SG5	Zea mays	Viridiplantae	616	False
Q9NWH2	Homo sapiens	Metazoa	141	True
Q9VDE4	Drosophila melanogaster	Metazoa	286	False
Q9ER31	Rattus norvegicus	Metazoa	455	True
P38855	Saccharomyces cerevisiae (strain ATCC 204508 / S288c)	Fungi	283	False
A0A2H1VE33	Spodoptera frugiperda	Metazoa	332	False
H2KYU6	Caenorhabditis elegans	Metazoa	529	False
Q99315	Saccharomyces cerevisiae (strain ATCC 204508 / S288c)	Fungi	1547	False
O82796	Arabidopsis thaliana	Viridiplantae	295	False
Q584U2	Trypanosoma brucei brucei (strain 927/4 GUTat10.1)	Other	267	False
Q3MHJ5	Bos taurus	Metazoa	138	False
Q12457	Saccharomyces cerevisiae (strain ATCC 204508 / S288c)	Fungi	570	False
Q7KZN9	Homo sapiens	Metazoa	410	True
Q04437	Saccharomyces cerevisiae (strain ATCC 204508 / S288c)	Fungi	629	False
Q9D945	Mus musculus	Metazoa	130	False
Q9UQY9	Schizosaccharomyces pombe (strain 972 / ATCC 24843)	Fungi	429	False
Q9BWL3	Homo sapiens	Metazoa	253	True
Q9H1K0	Homo sapiens	Metazoa	784	False
Q62769	Rattus norvegicus	Metazoa	1622	False
Q8I615	Plasmodium falciparum (isolate 3D7)	Other	1189	False
Q8H1D3	Arabidopsis thaliana	Viridiplantae	571	False
P17558	Saccharomyces cerevisiae (strain ATCC 204508 / S288c)	Fungi	318	False
P42116	Neurospora crassa (strain ATCC 24698 / 74-OR23-1A / CBS 708.71 / DSM 1257 / FGSC 987)	Fungi	186	True
Q9UI26	Homo sapiens	Metazoa	975	False
Q925G0	Rattus norvegicus	Metazoa	155	False
Q8NCG7	Homo sapiens	Metazoa	672	True
P57741	Arabidopsis thaliana	Viridiplantae	195	False
Q9UF56	Homo sapiens	Metazoa	701	False
Q9UTJ8	Schizosaccharomyces pombe (strain 972 / ATCC 24843)	Fungi	1285	False
P03871	Saccharomyces cerevisiae (strain ATCC 204508 / S288c)	Fungi	373	False
Q9W4S7	Drosophila melanogaster	Metazoa	717	False
P40381	Schizosaccharomyces pombe (strain 972 / ATCC 24843)	Fungi	328	False
P53153	Saccharomyces cerevisiae (strain ATCC 204508 / S288c)	Fungi	274	True
Q7YR75	Bos taurus	Metazoa	198	False
Q03372	Drosophila melanogaster	Metazoa	515	False
P55039	Homo sapiens	Metazoa	364	False
P12954	Saccharomyces cerevisiae (strain ATCC 204508 / S288c)	Fungi	1174	False
P29350	Homo sapiens	Metazoa	595	False
Q944H2	Arabidopsis thaliana	Viridiplantae	391	False
Q0P5N6	Homo sapiens	Metazoa	173	False
Q9Y2G2	Homo sapiens	Metazoa	537	False
A0A075TMP0	Penicillium expansum	Fungi	340	False
Q7Z4V0	Homo sapiens	Metazoa	828	False
Q8GS60	Arabidopsis thaliana	Viridiplantae	462	False
Q14154	Homo sapiens	Metazoa	515	False
P40382	Schizosaccharomyces pombe (strain 972 / ATCC 24843)	Fungi	422	False
Q8LDS4	Arabidopsis thaliana	Viridiplantae	319	False
P25502	Saccharomyces cerevisiae (strain ATCC 204508 / S288c)	Fungi	979	False
P97855	Mus musculus	Metazoa	465	False
P08580	Neurospora crassa (strain ATCC 24698 / 74-OR23-1A / CBS 708.71 / DSM 1257 / FGSC 987)	Fungi	107	False
Q9ULJ3	Homo sapiens	Metazoa	1066	False
P83103	Drosophila melanogaster	Metazoa	566	False
O94261	Schizosaccharomyces pombe (strain 972 / ATCC 24843)	Fungi	220	False
Q9W420	Drosophila melanogaster	Metazoa	1831	False
Q505B8	Mus musculus	Metazoa	171	False
Q8N6U8	Homo sapiens	Metazoa	529	True
Q681Z2	Arabidopsis thaliana	Viridiplantae	203	False
P52739	Homo sapiens	Metazoa	623	False
Q6R3K9	Arabidopsis thaliana	Viridiplantae	664	True
P58418	Homo sapiens	Metazoa	232	True
Q9HE07	Schizosaccharomyces pombe (strain 972 / ATCC 24843)	Fungi	534	False
Q500U8	Arabidopsis thaliana	Viridiplantae	326	False
P82673	Homo sapiens	Metazoa	323	False
Q8CI15	Mus musculus	Metazoa	382	False
O14336	Schizosaccharomyces pombe (strain 972 / ATCC 24843)	Fungi	461	False
P42736	Arabidopsis thaliana	Viridiplantae	248	False
Q86LG1	Drosophila melanogaster	Metazoa	606	True
Q8IWZ4	Homo sapiens	Metazoa	224	False
Q9P7L2	Schizosaccharomyces pombe (strain 972 / ATCC 24843)	Fungi	425	False
Q0VD86	Homo sapiens	Metazoa	236	False
P54274	Homo sapiens	Metazoa	439	False
Q5FWP4	Xenopus laevis	Metazoa	625	False
P07266	Saccharomyces cerevisiae (strain ATCC 204508 / S288c)	Fungi	363	False
Q03825	Saccharomyces cerevisiae (strain ATCC 204508 / S288c)	Fungi	758	False
Q8R5A0	Mus musculus	Metazoa	433	False
Q0WNB1	Arabidopsis thaliana	Viridiplantae	243	False
Q9BW71	Homo sapiens	Metazoa	556	False
Q96AZ6	Homo sapiens	Metazoa	181	False
Q9CQ29	Mus musculus	Metazoa	239	False
Q01064	Homo sapiens	Metazoa	536	False
P28834	Saccharomyces cerevisiae (strain ATCC 204508 / S288c)	Fungi	360	False
Q9M670	Arabidopsis thaliana	Viridiplantae	366	False
Q62504	Mus musculus	Metazoa	3644	False
Q8N8Q3	Homo sapiens	Metazoa	282	False
A0A120KVR5	Trypanosoma brucei brucei	Other	1642	False
Q8VYF7	Arabidopsis thaliana	Viridiplantae	238	False
Q86VP3	Homo sapiens	Metazoa	889	False
M0R3Q7	Rattus norvegicus	Metazoa	905	False
O13834	Schizosaccharomyces pombe (strain 972 / ATCC 24843)	Fungi	3227	False
P0C5Y7	Schizosaccharomyces pombe (strain 972 / ATCC 24843)	Fungi	102	False
Q9UU79	Schizosaccharomyces pombe (strain 972 / ATCC 24843)	Fungi	260	False
Q8N3F8	Homo sapiens	Metazoa	863	False
Q06554	Saccharomyces cerevisiae (strain ATCC 204508 / S288c)	Fungi	1556	False
A8WFJ9	Caenorhabditis elegans	Metazoa	463	False
Q53H47	Homo sapiens	Metazoa	684	False
Q9FPW4	Arabidopsis thaliana	Viridiplantae	614	False
Q802Y8	Danio rerio	Metazoa	671	False
Q15652	Homo sapiens	Metazoa	2540	False
Q03071	Saccharomyces cerevisiae (strain ATCC 204508 / S288c)	Fungi	99	False
Q9UT31	Schizosaccharomyces pombe (strain 972 / ATCC 24843)	Fungi	241	False
P70122	Mus musculus	Metazoa	250	False
Q9ASP6	Arabidopsis thaliana	Viridiplantae	495	False
P42677	Homo sapiens	Metazoa	84	False
P39103	Saccharomyces cerevisiae (strain ATCC 204508 / S288c)	Fungi	70	True
Q7XHR2	Oryza sativa subsp. japonica	Viridiplantae	927	False
H2L056	Caenorhabditis elegans	Metazoa	613	False
Q8L7S5	Arabidopsis thaliana	Viridiplantae	642	False
Q8IWD4	Homo sapiens	Metazoa	279	False
Q9C0C2	Homo sapiens	Metazoa	1729	False
Q08553	Saccharomyces cerevisiae (strain ATCC 204508 / S288c)	Fungi	188	False
Q5TYM5	Homo sapiens	Metazoa	149	False
P79071	Schizosaccharomyces pombe (strain 972 / ATCC 24843)	Fungi	195	False
F4HRV8	Arabidopsis thaliana	Viridiplantae	596	False
Q9UGY1	Homo sapiens	Metazoa	213	False
Q9C7G6	Arabidopsis thaliana	Viridiplantae	256	False
O15304	Homo sapiens	Metazoa	175	False
O08759	Mus musculus	Metazoa	870	False
Q8IVP5	Homo sapiens	Metazoa	155	True
Q93W77	Arabidopsis thaliana	Viridiplantae	231	False
Q12106	Saccharomyces cerevisiae (strain ATCC 204508 / S288c)	Fungi	302	True
Q96375	Capsicum annuum	Viridiplantae	660	False
Q9BRA0	Homo sapiens	Metazoa	125	False
Q9LIQ6	Arabidopsis thaliana	Viridiplantae	234	False
P34260	Caenorhabditis elegans	Metazoa	603	False
Q96D98	Homo sapiens	Metazoa	161	False
Q8IZV2	Homo sapiens	Metazoa	173	True
Q9QWH1	Mus musculus	Metazoa	850	False
Q9VWC6	Drosophila melanogaster	Metazoa	1596	False
Q9D0Z3	Mus musculus	Metazoa	276	False
O97297	Plasmodium falciparum (isolate 3D7)	Other	404	False
Q12204	Saccharomyces cerevisiae (strain ATCC 204508 / S288c)	Fungi	715	False
Q96DN6	Homo sapiens	Metazoa	1003	False
Q86B87	Drosophila melanogaster	Metazoa	610	False
G5EGQ6	Caenorhabditis elegans	Metazoa	2684	False
Q8WXC6	Homo sapiens	Metazoa	57	False
Q7Z7G2	Homo sapiens	Metazoa	160	False
Q9H8W5	Homo sapiens	Metazoa	580	False
P10862	Saccharomyces cerevisiae (strain ATCC 204508 / S288c)	Fungi	487	False
Q3V0Q6	Mus musculus	Metazoa	470	False
Q9H840	Homo sapiens	Metazoa	131	False
Q9H079	Homo sapiens	Metazoa	304	False
Q16635	Homo sapiens	Metazoa	262	False
Q920G2	Rattus norvegicus	Metazoa	337	False
Q7XBS0	Oryza sativa subsp. japonica	Viridiplantae	721	True
Q9JMC2	Mus musculus	Metazoa	493	False
P62952	Homo sapiens	Metazoa	87	True
Q7Z4G1	Homo sapiens	Metazoa	85	False
Q9FFY9	Arabidopsis thaliana	Viridiplantae	640	False
Q7LL22	Schizosaccharomyces pombe (strain 972 / ATCC 24843)	Fungi	462	False
Q63707	Rattus norvegicus	Metazoa	395	True
Q04603	Saccharomyces cerevisiae (strain ATCC 204508 / S288c)	Fungi	196	False
Q9V8P9	Drosophila melanogaster	Metazoa	1038	False
Q2WG80	Danio rerio	Metazoa	140	False
Q9VVA8	Drosophila melanogaster	Metazoa	78	True
Q12080	Saccharomyces cerevisiae (strain ATCC 204508 / S288c)	Fungi	455	False
A4D126	Homo sapiens	Metazoa	451	False
Q05949	Saccharomyces cerevisiae (strain ATCC 204508 / S288c)	Fungi	395	False
Q9UQ13	Homo sapiens	Metazoa	582	False
Q91YT0	Mus musculus	Metazoa	464	False
Q17RH7	Homo sapiens	Metazoa	139	False
Q94AR8	Arabidopsis thaliana	Viridiplantae	509	False
Q10573	Caenorhabditis elegans	Metazoa	1139	False
Q6PJT7	Homo sapiens	Metazoa	736	False
P53067	Saccharomyces cerevisiae (strain ATCC 204508 / S288c)	Fungi	1004	False
P40566	Saccharomyces cerevisiae (strain ATCC 204508 / S288c)	Fungi	764	False
P38961	Saccharomyces cerevisiae (strain ATCC 204508 / S288c)	Fungi	392	False
Q02825	Saccharomyces cerevisiae (strain ATCC 204508 / S288c)	Fungi	467	False
Q8W489	Arabidopsis thaliana	Viridiplantae	865	False
Q16773	Homo sapiens	Metazoa	422	False
Q8BKA3	Mus musculus	Metazoa	608	False
Q8TBZ0	Homo sapiens	Metazoa	833	False
O14802	Homo sapiens	Metazoa	1390	False
Q8R400	Mus musculus	Metazoa	80	True
O43502	Homo sapiens	Metazoa	376	False
P53803	Homo sapiens	Metazoa	58	False
Q9LXF3	Arabidopsis thaliana	Viridiplantae	187	True
Q8IXW5	Homo sapiens	Metazoa	612	False
Q9D2V8	Mus musculus	Metazoa	456	True
F4KH86	Arabidopsis thaliana	Viridiplantae	400	False
Q9UBQ5	Homo sapiens	Metazoa	218	False
Q0WSX8	Arabidopsis thaliana	Viridiplantae	255	False
P35728	Saccharomyces cerevisiae (strain ATCC 204508 / S288c)	Fungi	441	False
Q6WKZ7	Mus musculus	Metazoa	506	False
Q9I7U4	Drosophila melanogaster	Metazoa	18141	False
Q8IYB3	Homo sapiens	Metazoa	904	False
Q9FZ96	Arabidopsis thaliana	Viridiplantae	356	True
Q12146	Saccharomyces cerevisiae (strain ATCC 204508 / S288c)	Fungi	194	False
P22265	Drosophila melanogaster	Metazoa	954	False
Q92750	Homo sapiens	Metazoa	862	False
Q9TY84	Crithidia fasciculata	Other	130	False
F4J117	Arabidopsis thaliana	Viridiplantae	591	False
O43396	Homo sapiens	Metazoa	289	False
Q9FL44	Arabidopsis thaliana	Viridiplantae	235	False
P34253	Saccharomyces cerevisiae (strain ATCC 204508 / S288c)	Fungi	313	False
P15924	Homo sapiens	Metazoa	2871	False
G5EDM7	Caenorhabditis elegans	Metazoa	627	False
Q9VEC3	Drosophila melanogaster	Metazoa	648	False
Q9LYD9	Arabidopsis thaliana	Viridiplantae	1096	False
P47175	Saccharomyces cerevisiae (strain ATCC 204508 / S288c)	Fungi	358	False
Q9P7M1	Schizosaccharomyces pombe (strain 972 / ATCC 24843)	Fungi	491	False
P20050	Saccharomyces cerevisiae (strain ATCC 204508 / S288c)	Fungi	605	False
O44476	Caenorhabditis elegans	Metazoa	833	False
Q11120	Schizosaccharomyces pombe (strain 972 / ATCC 24843)	Fungi	515	False
Q6XR72	Homo sapiens	Metazoa	485	True
Q920Q2	Mus musculus	Metazoa	1249	False
Q96MH2	Homo sapiens	Metazoa	286	False
Q25423	Leishmania tarentolae	Other	187	False
F4ISV6	Arabidopsis thaliana	Viridiplantae	537	False
Q12504	Saccharomyces cerevisiae (strain ATCC 204508 / S288c)	Fungi	494	False
P36877	Rattus norvegicus	Metazoa	443	False
A7UWX2	Neurospora crassa (strain ATCC 24698 / 74-OR23-1A / CBS 708.71 / DSM 1257 / FGSC 987)	Fungi	470	False
Q07020	Homo sapiens	Metazoa	188	False
Q9XI73	Arabidopsis thaliana	Viridiplantae	190	False
P84996	Homo sapiens	Metazoa	626	False
P40995	Schizosaccharomyces pombe (strain 972 / ATCC 24843)	Fungi	872	False
P38429	Saccharomyces cerevisiae (strain ATCC 204508 / S288c)	Fungi	201	False
O95704	Homo sapiens	Metazoa	486	False
Q5PR68	Mus musculus	Metazoa	954	False
Q1H537	Arabidopsis thaliana	Viridiplantae	417	False
K4CF70	Solanum lycopersicum	Viridiplantae	476	False
Q9USX3	Schizosaccharomyces pombe (strain 972 / ATCC 24843)	Fungi	406	False
Q9SAH8	Arabidopsis thaliana	Viridiplantae	532	True
Q96LL9	Homo sapiens	Metazoa	226	False
P40547	Saccharomyces cerevisiae (strain ATCC 204508 / S288c)	Fungi	921	False
O48528	Arabidopsis thaliana	Viridiplantae	159	True
Q9NXE8	Homo sapiens	Metazoa	425	False
Q02884	Saccharomyces cerevisiae (strain ATCC 204508 / S288c)	Fungi	456	False
P70460	Mus musculus	Metazoa	375	False
F4JHH5	Arabidopsis thaliana	Viridiplantae	787	False
O74511	Schizosaccharomyces pombe (strain 972 / ATCC 24843)	Fungi	838	False
P11420	Drosophila melanogaster	Metazoa	710	False
P38828	Saccharomyces cerevisiae (strain ATCC 204508 / S288c)	Fungi	187	False
Q9Y6P5	Homo sapiens	Metazoa	492	False
Q500V5	Arabidopsis thaliana	Viridiplantae	517	False
P27793	Capnoides sempervirens	Viridiplantae	447	False
O59734	Schizosaccharomyces pombe (strain 972 / ATCC 24843)	Fungi	78	False
Q5RI15	Homo sapiens	Metazoa	118	True
Q9UMW8	Homo sapiens	Metazoa	372	False
Q9WU70	Rattus norvegicus	Metazoa	1152	False
Q8NI35	Homo sapiens	Metazoa	1801	False
Q9ES53	Rattus norvegicus	Metazoa	307	False
O15743	Dictyostelium discoideum	Other	975	False
A7UL74	Arabidopsis thaliana	Viridiplantae	345	False
P47050	Saccharomyces cerevisiae (strain ATCC 204508 / S288c)	Fungi	842	False
Q9VRP5	Drosophila melanogaster	Metazoa	1038	False
Q93560	Caenorhabditis elegans	Metazoa	817	False
Q9S9N6	Arabidopsis thaliana	Viridiplantae	461	False
P46946	Saccharomyces cerevisiae (strain ATCC 204508 / S288c)	Fungi	345	False
P23542	Saccharomyces cerevisiae (strain ATCC 204508 / S288c)	Fungi	418	False
O74964	Schizosaccharomyces pombe (strain 972 / ATCC 24843)	Fungi	803	False
Q9U3F4	Caenorhabditis elegans	Metazoa	603	False
Q9Y3A0	Homo sapiens	Metazoa	265	False
Q9NYT0	Homo sapiens	Metazoa	353	False
Q8N328	Homo sapiens	Metazoa	593	False
O22920	Arabidopsis thaliana	Viridiplantae	831	True
O94268	Schizosaccharomyces pombe (strain 972 / ATCC 24843)	Fungi	608	False
Q95QD7	Caenorhabditis elegans	Metazoa	435	False
Q94AH1	Arabidopsis thaliana	Viridiplantae	300	True
P53217	Saccharomyces cerevisiae (strain ATCC 204508 / S288c)	Fungi	278	True
P34078	Saccharomyces cerevisiae (strain ATCC 204508 / S288c)	Fungi	463	False
Q6DFQ7	Xenopus tropicalis	Metazoa	342	True
Q9H6Z4	Homo sapiens	Metazoa	567	False
P43605	Saccharomyces cerevisiae (strain ATCC 204508 / S288c)	Fungi	281	False
Q9LEV3	Arabidopsis thaliana	Viridiplantae	206	False
Q6K881	Oryza sativa subsp. japonica	Viridiplantae	565	False
P70033	Xenopus laevis	Metazoa	435	False
Q9C0C7	Homo sapiens	Metazoa	1298	False
Q91VJ5	Mus musculus	Metazoa	263	False
Q9JLI6	Mus musculus	Metazoa	432	False
Q9US07	Schizosaccharomyces pombe (strain 972 / ATCC 24843)	Fungi	662	False
Q386F1	Trypanosoma brucei brucei (strain 927/4 GUTat10.1)	Other	435	True
E5KBU3	Pinus taeda	Viridiplantae	354	False
Q9EPA0	Rattus norvegicus	Metazoa	957	False
P03069	Saccharomyces cerevisiae (strain ATCC 204508 / S288c)	Fungi	281	False
Q9Y5Q5	Homo sapiens	Metazoa	1042	True
Q9NYP3	Homo sapiens	Metazoa	566	False
Q8NE62	Homo sapiens	Metazoa	594	False
P0DXC1	Homo sapiens	Metazoa	130	False
O35387	Mus musculus	Metazoa	280	False
P92276	Chlamydomonas reinhardtii	Viridiplantae	62	True
Q22799	Caenorhabditis elegans	Metazoa	89	False
O75940	Homo sapiens	Metazoa	238	False
Q5NCS9	Mus musculus	Metazoa	454	True
P53874	Saccharomyces cerevisiae (strain ATCC 204508 / S288c)	Fungi	792	False
Q9LK88	Arabidopsis thaliana	Viridiplantae	196	False
Q21502	Caenorhabditis elegans	Metazoa	870	False
Q9SND6	Arabidopsis thaliana	Viridiplantae	342	False
Q68CP9	Homo sapiens	Metazoa	1835	False
Q02297	Homo sapiens	Metazoa	640	False
Q24143	Drosophila melanogaster	Metazoa	723	False
P38806	Saccharomyces cerevisiae (strain ATCC 204508 / S288c)	Fungi	282	False
O75132	Homo sapiens	Metazoa	1171	False
P32786	Saccharomyces cerevisiae (strain ATCC 204508 / S288c)	Fungi	894	False
Q9NWT1	Homo sapiens	Metazoa	392	False
Q9LY74	Arabidopsis thaliana	Viridiplantae	338	False
P34619	Caenorhabditis elegans	Metazoa	813	False
P03877	Saccharomyces cerevisiae (strain ATCC 204508 / S288c)	Fungi	415	True
G5EC23	Caenorhabditis elegans	Metazoa	782	False
A2ARP9	Mus musculus	Metazoa	588	False
Q9LJ87	Arabidopsis thaliana	Viridiplantae	415	False
P30419	Homo sapiens	Metazoa	496	False
O94238	Schizosaccharomyces pombe (strain 972 / ATCC 24843)	Fungi	134	False
P46951	Saccharomyces cerevisiae (strain ATCC 204508 / S288c)	Fungi	817	False
Q8LIY8	Oryza sativa subsp. japonica	Viridiplantae	569	False
Q6MG82	Rattus norvegicus	Metazoa	306	False
O13612	Schizosaccharomyces pombe (strain 972 / ATCC 24843)	Fungi	415	False
Q41142	Ricinus communis	Viridiplantae	808	False
Q9BXP2	Homo sapiens	Metazoa	914	True
Q01892	Homo sapiens	Metazoa	262	False
O94740	Schizosaccharomyces pombe (strain 972 / ATCC 24843)	Fungi	466	False
Q06604	Saccharomyces cerevisiae (strain ATCC 204508 / S288c)	Fungi	576	False
Q94KE2	Arabidopsis thaliana	Viridiplantae	1550	False
O14015	Schizosaccharomyces pombe (strain 972 / ATCC 24843)	Fungi	150	False
O77059	Drosophila melanogaster	Metazoa	542	False
P37207	Porphyridium purpureum	Other	162	False
Q06405	Saccharomyces cerevisiae (strain ATCC 204508 / S288c)	Fungi	101	False
P46059	Homo sapiens	Metazoa	708	True
Q1MTQ7	Schizosaccharomyces pombe (strain 972 / ATCC 24843)	Fungi	633	False
O42936	Schizosaccharomyces pombe (strain 972 / ATCC 24843)	Fungi	470	False
Q7XB51	Physcomitrium patens	Viridiplantae	967	True
Q84LB6	Solanum lycopersicum	Viridiplantae	417	False
Q9ZQZ6	Arabidopsis thaliana	Viridiplantae	263	False
Q6NZN1	Mus musculus	Metazoa	1644	False
Q9URV3	Schizosaccharomyces pombe (strain 972 / ATCC 24843)	Fungi	296	False
Q96JN0	Homo sapiens	Metazoa	433	False
Q96RK1	Homo sapiens	Metazoa	184	False
Q93034	Homo sapiens	Metazoa	780	False
Q6Q4H1	Hydra vulgaris	Metazoa	385	False
Q7M2P1	Sus scrofa	Metazoa	76	False
Q9BRJ2	Homo sapiens	Metazoa	306	False
Q9UIL1	Homo sapiens	Metazoa	159	False
Q96JX3	Homo sapiens	Metazoa	654	True
O95838	Homo sapiens	Metazoa	553	False
Q9BVC5	Homo sapiens	Metazoa	232	False
P0DN34	Mus musculus	Metazoa	57	True
Q2TAP0	Homo sapiens	Metazoa	167	False
P26370	Saccharomyces cerevisiae (strain ATCC 204508 / S288c)	Fungi	528	False
Q57ZI5	Trypanosoma brucei brucei (strain 927/4 GUTat10.1)	Other	624	False
Q03433	Saccharomyces cerevisiae (strain ATCC 204508 / S288c)	Fungi	280	False
Q94FY8	Zea mays	Viridiplantae	474	False
O43739	Homo sapiens	Metazoa	400	False
Q10274	Schizosaccharomyces pombe (strain 972 / ATCC 24843)	Fungi	390	False
Q9SKT1	Arabidopsis thaliana	Viridiplantae	336	False
P46778	Homo sapiens	Metazoa	160	False
Q9H8H0	Homo sapiens	Metazoa	719	False
Q57V03	Trypanosoma brucei brucei (strain 927/4 GUTat10.1)	Other	1050	False
O94868	Homo sapiens	Metazoa	740	False
Q642G4	Rattus norvegicus	Metazoa	376	False
F4IMQ0	Arabidopsis thaliana	Viridiplantae	288	False
Q2M2T7	Bos taurus	Metazoa	167	False
Q99M04	Mus musculus	Metazoa	373	False
P0CY15	Schizosaccharomyces pombe (strain 972 / ATCC 24843)	Fungi	42	False
Q7Z2Z1	Homo sapiens	Metazoa	1910	False
Q04087	Saccharomyces cerevisiae (strain ATCC 204508 / S288c)	Fungi	347	False
Q96LW7	Homo sapiens	Metazoa	228	False
P40014	Saccharomyces cerevisiae (strain ATCC 204508 / S288c)	Fungi	221	False
Q1MTN3	Schizosaccharomyces pombe (strain 972 / ATCC 24843)	Fungi	1018	False
Q9D494	Mus musculus	Metazoa	218	False
O76906	Drosophila melanogaster	Metazoa	982	False
Q9M8S7	Arabidopsis thaliana	Viridiplantae	313	False
Q07688	Saccharomyces cerevisiae (strain ATCC 204508 / S288c)	Fungi	167	False
P24522	Homo sapiens	Metazoa	165	False
P31376	Saccharomyces cerevisiae (strain ATCC 204508 / S288c)	Fungi	625	False
A6H8Y1	Homo sapiens	Metazoa	2624	False
Q15464	Homo sapiens	Metazoa	509	False
Q9C5Q8	Arabidopsis thaliana	Viridiplantae	942	False
Q9FFH0	Arabidopsis thaliana	Viridiplantae	386	False
Q9P0U4	Homo sapiens	Metazoa	656	False
P0C627	Rattus norvegicus	Metazoa	331	False
Q62924	Rattus norvegicus	Metazoa	1129	False
P32336	Saccharomyces cerevisiae (strain ATCC 204508 / S288c)	Fungi	851	False
P35731	Saccharomyces cerevisiae (strain ATCC 204508 / S288c)	Fungi	278	False
Q3U4H6	Mus musculus	Metazoa	486	False
Q8LEG1	Arabidopsis thaliana	Viridiplantae	258	False
Q12235	Saccharomyces cerevisiae (strain ATCC 204508 / S288c)	Fungi	531	True
Q9CQ69	Mus musculus	Metazoa	82	True
P05423	Homo sapiens	Metazoa	398	False
Q8L6Z4	Arabidopsis thaliana	Viridiplantae	430	False
P34283	Caenorhabditis elegans	Metazoa	442	False
Q8H124	Arabidopsis thaliana	Viridiplantae	280	False
Q9DBD5	Mus musculus	Metazoa	1123	False
Q8K3Y6	Rattus norvegicus	Metazoa	776	False
O17679	Caenorhabditis elegans	Metazoa	708	False
A0A509AKI1	Plasmodium berghei (strain Anka)	Other	836	False
Q5AP95	Candida albicans (strain SC5314 / ATCC MYA-2876)	Fungi	517	False
O95104	Homo sapiens	Metazoa	1147	False
P46736	Homo sapiens	Metazoa	316	False
Q8K337	Mus musculus	Metazoa	993	False
O74465	Schizosaccharomyces pombe (strain 972 / ATCC 24843)	Fungi	999	False
P52756	Homo sapiens	Metazoa	815	False
P35637	Homo sapiens	Metazoa	526	False
Q8BP40	Mus musculus	Metazoa	418	False
P0C0A9	Rattus norvegicus	Metazoa	76	False
Q9VIF5	Drosophila melanogaster	Metazoa	981	False
Q84JG2	Arabidopsis thaliana	Viridiplantae	469	False
Q16637	Homo sapiens	Metazoa	294	False
Q15833	Homo sapiens	Metazoa	593	False
Q5VTR2	Homo sapiens	Metazoa	975	False
Q9SU30	Arabidopsis thaliana	Viridiplantae	413	False
Q9M5P3	Arabidopsis thaliana	Viridiplantae	354	False
Q9JKY0	Mus musculus	Metazoa	299	False
P38319	Saccharomyces cerevisiae (strain ATCC 204508 / S288c)	Fungi	544	False
P35639	Mus musculus	Metazoa	168	False
P53184	Saccharomyces cerevisiae (strain ATCC 204508 / S288c)	Fungi	216	False
Q5RHB5	Danio rerio	Metazoa	1447	False
Q18909	Caenorhabditis elegans	Metazoa	319	False
Q5BJZ6	Rattus norvegicus	Metazoa	400	False
Q0P5I5	Bos taurus	Metazoa	327	False
Q6KCD5	Mus musculus	Metazoa	2798	False
O95786	Homo sapiens	Metazoa	925	False
Q9JKU3	Rattus norvegicus	Metazoa	1749	False
Q6C354	Yarrowia lipolytica (strain CLIB 122 / E 150)	Fungi	520	False
Q9HAZ2	Homo sapiens	Metazoa	1276	False
Q8NFV4	Homo sapiens	Metazoa	306	False
Q8BVN9	Mus musculus	Metazoa	434	False
Q03673	Saccharomyces cerevisiae (strain ATCC 204508 / S288c)	Fungi	198	False
G5EGA3	Caenorhabditis elegans	Metazoa	704	False
Q7Z3E1	Homo sapiens	Metazoa	657	False
P53233	Saccharomyces cerevisiae (strain ATCC 204508 / S288c)	Fungi	369	False
Q04500	Saccharomyces cerevisiae (strain ATCC 204508 / S288c)	Fungi	899	False
Q5T8A7	Homo sapiens	Metazoa	1209	False
Q9W261	Drosophila melanogaster	Metazoa	775	False
Q7SCZ3	Neurospora crassa (strain ATCC 24698 / 74-OR23-1A / CBS 708.71 / DSM 1257 / FGSC 987)	Fungi	218	False
Q9H0W9	Homo sapiens	Metazoa	315	False
Q9US06	Schizosaccharomyces pombe (strain 972 / ATCC 24843)	Fungi	456	False
O88845	Mus musculus	Metazoa	662	False
Q9C5J9	Arabidopsis thaliana	Viridiplantae	342	False
Q9H2S6	Homo sapiens	Metazoa	317	True
Q07510	Spinacia oleracea	Viridiplantae	405	False
Q9NS69	Homo sapiens	Metazoa	142	True
P13280	Oryctolagus cuniculus	Metazoa	333	False
Q9FGT8	Arabidopsis thaliana	Viridiplantae	186	False
O14464	Saccharomyces cerevisiae (strain ATCC 204508 / S288c)	Fungi	93	False
Q9CQJ4	Mus musculus	Metazoa	336	False
Q9QYL0	Mus musculus	Metazoa	170	False
G5EG17	Caenorhabditis elegans	Metazoa	1149	False
Q8WU10	Homo sapiens	Metazoa	500	False
P23508	Homo sapiens	Metazoa	829	False
Q9VAM5	Drosophila melanogaster	Metazoa	872	False
Q13487	Homo sapiens	Metazoa	334	False
Q9VH70	Drosophila melanogaster	Metazoa	814	False
P50748	Homo sapiens	Metazoa	2209	False
Q09761	Schizosaccharomyces pombe (strain 972 / ATCC 24843)	Fungi	699	False
O54697	Rattus norvegicus	Metazoa	745	True
P38291	Saccharomyces cerevisiae (strain ATCC 204508 / S288c)	Fungi	140	False
Q8GXJ1	Arabidopsis thaliana	Viridiplantae	552	False
Q9LS90	Arabidopsis thaliana	Viridiplantae	460	False
P53188	Saccharomyces cerevisiae (strain ATCC 204508 / S288c)	Fungi	120	False
Q9P7S7	Schizosaccharomyces pombe (strain 972 / ATCC 24843)	Fungi	508	False
P49769	Mus musculus	Metazoa	467	True
Q6YN16	Homo sapiens	Metazoa	418	False
O14827	Homo sapiens	Metazoa	1237	False
Q93VM9	Arabidopsis thaliana	Viridiplantae	599	False
A8MZ59	Homo sapiens	Metazoa	198	False
P21757	Homo sapiens	Metazoa	451	True
Q9LRZ3	Arabidopsis thaliana	Viridiplantae	641	False
P53060	Saccharomyces cerevisiae (strain ATCC 204508 / S288c)	Fungi	241	False
Q9FJ17	Arabidopsis thaliana	Viridiplantae	211	False
O35625	Mus musculus	Metazoa	863	False
P01583	Homo sapiens	Metazoa	271	False
Q93WL3	Arabidopsis thaliana	Viridiplantae	238	False
P57736	Tetradesmus obliquus	Viridiplantae	89	False
Q86MI0	Caenorhabditis elegans	Metazoa	468	False
P31949	Homo sapiens	Metazoa	105	False
P47087	Saccharomyces cerevisiae (strain ATCC 204508 / S288c)	Fungi	132	False
P40166	Saccharomyces cerevisiae (strain ATCC 204508 / S288c)	Fungi	100	False
Q9UIG0	Homo sapiens	Metazoa	1483	False
P40530	Saccharomyces cerevisiae (strain ATCC 204508 / S288c)	Fungi	394	False
P53297	Saccharomyces cerevisiae (strain ATCC 204508 / S288c)	Fungi	722	False
Q9VTE2	Drosophila melanogaster	Metazoa	962	False
Q9USV1	Schizosaccharomyces pombe (strain 972 / ATCC 24843)	Fungi	299	False
Q5SWY8	Mus musculus	Metazoa	596	True
Q9QZI7	Rattus norvegicus	Metazoa	287	False
D3ZUA0	Rattus norvegicus	Metazoa	338	False
P35203	Saccharomyces cerevisiae (strain ATCC 204508 / S288c)	Fungi	478	False
Q8GY89	Arabidopsis thaliana	Viridiplantae	125	False
Q10168	Schizosaccharomyces pombe (strain 972 / ATCC 24843)	Fungi	598	False
Q68D91	Homo sapiens	Metazoa	279	False
O00623	Homo sapiens	Metazoa	359	True
P93788	Solanum tuberosum	Viridiplantae	198	False
Q03824	Saccharomyces cerevisiae (strain ATCC 204508 / S288c)	Fungi	705	False
O74835	Schizosaccharomyces pombe (strain 972 / ATCC 24843)	Fungi	1690	False
Q9NS23	Homo sapiens	Metazoa	344	False
Q9H8E8	Homo sapiens	Metazoa	782	False
Q6P9B9	Homo sapiens	Metazoa	1019	False
Q8IWL8	Homo sapiens	Metazoa	128	False
Q9LX93	Arabidopsis thaliana	Viridiplantae	301	True
P23351	Neurospora crassa (strain ATCC 24698 / 74-OR23-1A / CBS 708.71 / DSM 1257 / FGSC 987)	Fungi	508	False
Q42510	Arabidopsis thaliana	Viridiplantae	1451	False
P23225	Zea mays	Viridiplantae	1616	False
P10109	Homo sapiens	Metazoa	184	False
O70302	Mus musculus	Metazoa	217	False
P50749	Homo sapiens	Metazoa	326	False
Q02764	Nicotiana tabacum	Viridiplantae	187	False
Q02100	Saccharomyces cerevisiae (strain ATCC 204508 / S288c)	Fungi	647	False
Q9CRA5	Mus musculus	Metazoa	298	False
Q9BSV6	Homo sapiens	Metazoa	310	False
Q91VD9	Mus musculus	Metazoa	727	False
P22681	Homo sapiens	Metazoa	906	False
O74958	Schizosaccharomyces pombe (strain 972 / ATCC 24843)	Fungi	488	False
P43565	Saccharomyces cerevisiae (strain ATCC 204508 / S288c)	Fungi	1770	False
Q9GZR1	Homo sapiens	Metazoa	1112	False
Q94AX2	Arabidopsis thaliana	Viridiplantae	277	False
Q5PRF9	Homo sapiens	Metazoa	694	False
Q9VLP3	Drosophila melanogaster	Metazoa	122	False
Q9P7H8	Schizosaccharomyces pombe (strain 972 / ATCC 24843)	Fungi	1679	False
Q96QF0	Homo sapiens	Metazoa	476	False
Q04170	Saccharomyces cerevisiae (strain ATCC 204508 / S288c)	Fungi	232	False
Q969F0	Homo sapiens	Metazoa	183	False
Q9UBF8	Homo sapiens	Metazoa	816	False
Q9BWK5	Homo sapiens	Metazoa	157	False
O55236	Mus musculus	Metazoa	597	False
Q9UTC0	Schizosaccharomyces pombe (strain 972 / ATCC 24843)	Fungi	50	False
Q96IL0	Homo sapiens	Metazoa	206	False
P0CG48	Homo sapiens	Metazoa	685	False
Q9Z2S7	Mus musculus	Metazoa	137	False
Q04231	Saccharomyces cerevisiae (strain ATCC 204508 / S288c)	Fungi	177	False
P53724	Saccharomyces cerevisiae (strain ATCC 204508 / S288c)	Fungi	139	False
O94522	Schizosaccharomyces pombe (strain 972 / ATCC 24843)	Fungi	390	False
Q05021	Saccharomyces cerevisiae (strain ATCC 204508 / S288c)	Fungi	590	False
Q10585	Schizosaccharomyces pombe (strain 972 / ATCC 24843)	Fungi	124	False
Q9Y7L4	Schizosaccharomyces pombe (strain 972 / ATCC 24843)	Fungi	409	False
V5IM60	Neurospora crassa (strain ATCC 24698 / 74-OR23-1A / CBS 708.71 / DSM 1257 / FGSC 987)	Fungi	59	False
P32521	Saccharomyces cerevisiae (strain ATCC 204508 / S288c)	Fungi	1480	False
Q9Y2X0	Homo sapiens	Metazoa	877	False
Q9V4C8	Drosophila melanogaster	Metazoa	1500	False
Q9VDV3	Drosophila melanogaster	Metazoa	546	False
Q810M6	Mus musculus	Metazoa	228	False
P40041	Saccharomyces cerevisiae (strain ATCC 204508 / S288c)	Fungi	505	False
Q9XVS8	Caenorhabditis elegans	Metazoa	405	False
Q8IZY2	Homo sapiens	Metazoa	2146	True
Q8RVC7	Chlamydomonas reinhardtii	Viridiplantae	411	False
Q6S591	Arabidopsis thaliana	Viridiplantae	253	False
A6NK89	Homo sapiens	Metazoa	507	False
Q9VC56	Drosophila melanogaster	Metazoa	3912	False
Q9HGK2	Schizosaccharomyces pombe (strain 972 / ATCC 24843)	Fungi	216	False
O35678	Mus musculus	Metazoa	303	False
Q13325	Homo sapiens	Metazoa	482	False
P70278	Mus musculus	Metazoa	393	False
Q9NXV2	Homo sapiens	Metazoa	234	False
P63220	Homo sapiens	Metazoa	83	False
P54198	Homo sapiens	Metazoa	1017	False
Q3UZ39	Mus musculus	Metazoa	729	False
P53208	Saccharomyces cerevisiae (strain ATCC 204508 / S288c)	Fungi	328	False
Q0ZLH2	Mus musculus	Metazoa	352	False
O24463	Zea mays	Viridiplantae	328	False
Q9SYM0	Arabidopsis thaliana	Viridiplantae	333	False
Q7JXF5	Drosophila melanogaster	Metazoa	394	False
P15873	Saccharomyces cerevisiae (strain ATCC 204508 / S288c)	Fungi	258	False
O75324	Homo sapiens	Metazoa	88	True
Q02606	Saccharomyces cerevisiae (strain ATCC 204508 / S288c)	Fungi	381	False
Q9LW29	Arabidopsis thaliana	Viridiplantae	575	False
F4JP43	Arabidopsis thaliana	Viridiplantae	2037	False
F4IN23	Arabidopsis thaliana	Viridiplantae	321	False
P38838	Saccharomyces cerevisiae (strain ATCC 204508 / S288c)	Fungi	269	False
Q9GZN7	Homo sapiens	Metazoa	287	False
Q94F00	Arabidopsis thaliana	Viridiplantae	371	False
Q9GSF8	Euplotes aediculatus	Other	437	False
Q8NEM7	Homo sapiens	Metazoa	779	False
Q9Y2S7	Homo sapiens	Metazoa	368	False
Q0IIM8	Homo sapiens	Metazoa	1120	False
Q57X81	Trypanosoma brucei brucei (strain 927/4 GUTat10.1)	Other	1077	False
P06100	Saccharomyces cerevisiae (strain ATCC 204508 / S288c)	Fungi	191	False
Q99NF2	Mus musculus	Metazoa	532	False
Q925D4	Rattus norvegicus	Metazoa	263	True
F4JTE7	Arabidopsis thaliana	Viridiplantae	298	False
Q2MH31	Mus musculus	Metazoa	260	False
P06701	Saccharomyces cerevisiae (strain ATCC 204508 / S288c)	Fungi	978	False
Q94FL6	Arabidopsis thaliana	Viridiplantae	436	False
Q12981	Homo sapiens	Metazoa	228	False
O14279	Schizosaccharomyces pombe (strain 972 / ATCC 24843)	Fungi	154	False
Q15714	Homo sapiens	Metazoa	1073	False
Q9BT17	Homo sapiens	Metazoa	334	False
P13653	Hordeum vulgare	Viridiplantae	388	False
Q9BZ67	Homo sapiens	Metazoa	464	False
Q12247	Saccharomyces cerevisiae (strain ATCC 204508 / S288c)	Fungi	151	False
Q9D4J1	Mus musculus	Metazoa	240	False
O76616	Caenorhabditis elegans	Metazoa	307	False
Q94BN0	Arabidopsis thaliana	Viridiplantae	364	False
Q9CR14	Mus musculus	Metazoa	375	False
Q9M9U5	Arabidopsis thaliana	Viridiplantae	382	False
Q96DE5	Homo sapiens	Metazoa	110	False
P87000	Neurospora crassa (strain ATCC 24698 / 74-OR23-1A / CBS 708.71 / DSM 1257 / FGSC 987)	Fungi	926	False
Q93YW0	Arabidopsis thaliana	Viridiplantae	684	False
O15287	Homo sapiens	Metazoa	622	False
Q65XX7	Caenorhabditis elegans	Metazoa	262	False
Q84JH7	Arabidopsis thaliana	Viridiplantae	225	False
Q7S7R6	Neurospora crassa (strain ATCC 24698 / 74-OR23-1A / CBS 708.71 / DSM 1257 / FGSC 987)	Fungi	315	False
P23180	Saccharomyces cerevisiae (strain ATCC 204508 / S288c)	Fungi	465	False
O88554	Mus musculus	Metazoa	559	False
G5EEM0	Caenorhabditis elegans	Metazoa	418	False
P35201	Saccharomyces cerevisiae (strain ATCC 204508 / S288c)	Fungi	549	False
Q9Y5J6	Homo sapiens	Metazoa	103	False
Q08561	Saccharomyces cerevisiae (strain ATCC 204508 / S288c)	Fungi	116	False
P38879	Saccharomyces cerevisiae (strain ATCC 204508 / S288c)	Fungi	174	False
A4IFH6	Bos taurus	Metazoa	52	True
P0CU09	Schizosaccharomyces pombe (strain 972 / ATCC 24843)	Fungi	235	False
Q6PI26	Homo sapiens	Metazoa	577	False
Q80TT2	Mus musculus	Metazoa	1150	False
P28004	Saccharomyces cerevisiae (strain ATCC 204508 / S288c)	Fungi	379	False
Q96E14	Homo sapiens	Metazoa	147	False
O14311	Schizosaccharomyces pombe (strain 972 / ATCC 24843)	Fungi	307	False
Q9CAF4	Arabidopsis thaliana	Viridiplantae	1309	False
Q9BUA3	Homo sapiens	Metazoa	381	False
Q8VYI3	Arabidopsis thaliana	Viridiplantae	309	False
P09956	Drosophila melanogaster	Metazoa	575	False
Q09849	Schizosaccharomyces pombe (strain 972 / ATCC 24843)	Fungi	424	False
Q07532	Saccharomyces cerevisiae (strain ATCC 204508 / S288c)	Fungi	353	False
P40491	Saccharomyces cerevisiae (strain ATCC 204508 / S288c)	Fungi	155	False
P56216	Penicillium simplicissimum	Fungi	560	False
Q8NE35	Homo sapiens	Metazoa	698	False
Q9USX4	Schizosaccharomyces pombe (strain 972 / ATCC 24843)	Fungi	108	False
P0DJI6	Mus musculus	Metazoa	106	False
Q9UTR9	Schizosaccharomyces pombe (strain 972 / ATCC 24843)	Fungi	368	False
Q86TP1	Homo sapiens	Metazoa	453	False
P53150	Saccharomyces cerevisiae (strain ATCC 204508 / S288c)	Fungi	421	False
Q04598	Saccharomyces cerevisiae (strain ATCC 204508 / S288c)	Fungi	105	False
Q680Q4	Arabidopsis thaliana	Viridiplantae	884	False
Q19360	Caenorhabditis elegans	Metazoa	430	False
P40366	Saccharomyces cerevisiae (strain ATCC 204508 / S288c)	Fungi	167	False
P38850	Saccharomyces cerevisiae (strain ATCC 204508 / S288c)	Fungi	1070	False
O74386	Schizosaccharomyces pombe (strain 972 / ATCC 24843)	Fungi	248	False
Q8K0U4	Mus musculus	Metazoa	675	False
G5EEG1	Caenorhabditis elegans	Metazoa	482	False
Q03455	Saccharomyces cerevisiae (strain ATCC 204508 / S288c)	Fungi	724	True
Q99583	Homo sapiens	Metazoa	582	False
P20052	Saccharomyces cerevisiae (strain ATCC 204508 / S288c)	Fungi	293	False
Q91VX9	Mus musculus	Metazoa	697	True
Q8GXH3	Arabidopsis thaliana	Viridiplantae	371	False
Q96HR8	Homo sapiens	Metazoa	494	False
Q9H9Q4	Homo sapiens	Metazoa	299	False
Q9ZVL6	Arabidopsis thaliana	Viridiplantae	285	False
O70405	Mus musculus	Metazoa	1051	False
F4JZY1	Arabidopsis thaliana	Viridiplantae	1586	False
Q9NZP6	Homo sapiens	Metazoa	1156	False
O23277	Arabidopsis thaliana	Viridiplantae	1330	False
P38637	Saccharomyces cerevisiae (strain ATCC 204508 / S288c)	Fungi	319	False
P47035	Saccharomyces cerevisiae (strain ATCC 204508 / S288c)	Fungi	1189	False
Q9VQ89	Drosophila melanogaster	Metazoa	867	False
P97813	Mus musculus	Metazoa	933	False
Q09406	Caenorhabditis elegans	Metazoa	534	False
Q9P6L9	Schizosaccharomyces pombe (strain 972 / ATCC 24843)	Fungi	1038	False
Q96BY2	Homo sapiens	Metazoa	351	False
P53507	Saccharomyces cerevisiae (strain ATCC 204508 / S288c)	Fungi	60	True
Q9Y7Z5	Schizosaccharomyces pombe (strain 972 / ATCC 24843)	Fungi	279	True
Q9LFA3	Arabidopsis thaliana	Viridiplantae	434	False
Q9C0Z8	Schizosaccharomyces pombe (strain 972 / ATCC 24843)	Fungi	319	False
Q92794	Homo sapiens	Metazoa	2004	False
Q8IYT2	Homo sapiens	Metazoa	770	False
Q96PH1	Homo sapiens	Metazoa	765	False
B1AZ99	Mus musculus	Metazoa	396	False
Q12188	Saccharomyces cerevisiae (strain ATCC 204508 / S288c)	Fungi	680	False
Q9HFE6	Schizosaccharomyces pombe (strain 972 / ATCC 24843)	Fungi	478	False
P27472	Saccharomyces cerevisiae (strain ATCC 204508 / S288c)	Fungi	705	False
Q12104	Saccharomyces cerevisiae (strain ATCC 204508 / S288c)	Fungi	458	False
P36131	Saccharomyces cerevisiae (strain ATCC 204508 / S288c)	Fungi	295	False
Q98TA5	Xenopus laevis	Metazoa	896	False
Q20591	Caenorhabditis elegans	Metazoa	86	True
Q0PNE2	Homo sapiens	Metazoa	266	False
Q9SXZ2	Arabidopsis thaliana	Viridiplantae	175	False
Q9D818	Mus musculus	Metazoa	391	False
P54103	Mus musculus	Metazoa	621	False
P53196	Saccharomyces cerevisiae (strain ATCC 204508 / S288c)	Fungi	417	False
Q8BK30	Mus musculus	Metazoa	104	False
Q80WE1	Rattus norvegicus	Metazoa	593	False
Q01080	Saccharomyces cerevisiae (strain ATCC 204508 / S288c)	Fungi	415	False
Q8RXN6	Arabidopsis thaliana	Viridiplantae	485	False
Q9NSG2	Homo sapiens	Metazoa	853	False
Q12315	Saccharomyces cerevisiae (strain ATCC 204508 / S288c)	Fungi	538	False
Q5AK51	Candida albicans (strain SC5314 / ATCC MYA-2876)	Fungi	714	False
Q86WA8	Homo sapiens	Metazoa	852	False
Q8C8M1	Mus musculus	Metazoa	221	False
Q09967	Caenorhabditis elegans	Metazoa	551	True
Q02038	Sus scrofa	Metazoa	704	False
Q99NI4	Rattus norvegicus	Metazoa	396	False
Q8I299	Plasmodium falciparum (isolate 3D7)	Other	791	False
Q9LF98	Arabidopsis thaliana	Viridiplantae	358	False
Q9ZQH0	Arabidopsis thaliana	Viridiplantae	232	False
A0A0K3AWP8	Caenorhabditis elegans	Metazoa	4022	True
Q9V3H8	Drosophila melanogaster	Metazoa	133	False
Q99638	Homo sapiens	Metazoa	391	False
P53885	Saccharomyces cerevisiae (strain ATCC 204508 / S288c)	Fungi	366	False
Q96MI9	Homo sapiens	Metazoa	1112	False
D3ZX63	Rattus norvegicus	Metazoa	334	False
P18412	Saccharomyces cerevisiae (strain ATCC 204508 / S288c)	Fungi	486	False
Q9UT91	Schizosaccharomyces pombe (strain 972 / ATCC 24843)	Fungi	211	True
Q14669	Homo sapiens	Metazoa	2067	False
Q8IY92	Homo sapiens	Metazoa	1834	False
Q9LG05	Arabidopsis thaliana	Viridiplantae	485	False
P34162	Saccharomyces cerevisiae (strain ATCC 204508 / S288c)	Fungi	210	False
Q9ZS51	Arabidopsis thaliana	Viridiplantae	190	True
Q10L01	Oryza sativa subsp. japonica	Viridiplantae	382	True
Q15326	Homo sapiens	Metazoa	602	False
P36069	Saccharomyces cerevisiae (strain ATCC 204508 / S288c)	Fungi	295	False
Q924H7	Mus musculus	Metazoa	646	False
G4NCH6	Pyricularia oryzae (strain 70-15 / ATCC MYA-4617 / FGSC 8958)	Fungi	366	False
Q08096	Saccharomyces cerevisiae (strain ATCC 204508 / S288c)	Fungi	367	False
A0A0K3AUE4	Caenorhabditis elegans	Metazoa	1968	False
Q6AYD3	Rattus norvegicus	Metazoa	394	False
Q9W4X9	Drosophila melanogaster	Metazoa	721	False
Q8WXX5	Homo sapiens	Metazoa	260	False
Q18321	Caenorhabditis elegans	Metazoa	482	True
F4JF14	Arabidopsis thaliana	Viridiplantae	953	False
Q14209	Homo sapiens	Metazoa	437	False
P17665	Mus musculus	Metazoa	63	True
Q8NHU3	Homo sapiens	Metazoa	365	True
Q9H4X1	Homo sapiens	Metazoa	137	False
Q680B9	Arabidopsis thaliana	Viridiplantae	528	False
Q8IYW5	Homo sapiens	Metazoa	571	False
Q5TKA1	Homo sapiens	Metazoa	542	False
Q9C7I5	Arabidopsis thaliana	Viridiplantae	189	False
O94258	Schizosaccharomyces pombe (strain 972 / ATCC 24843)	Fungi	978	False
P01872	Mus musculus	Metazoa	454	False
Q6P4A7	Homo sapiens	Metazoa	337	False
P23503	Saccharomyces cerevisiae (strain ATCC 204508 / S288c)	Fungi	491	False
Q9VIV2	Drosophila melanogaster	Metazoa	1062	False
Q8SSG3	Encephalitozoon cuniculi (strain GB-M1)	Fungi	128	False
P57743	Saccharomyces cerevisiae (strain ATCC 204508 / S288c)	Fungi	89	False
Q9M7N6	Solanum lycopersicum	Viridiplantae	152	False
Q9Y6N9	Homo sapiens	Metazoa	552	False
Q9NTK1	Homo sapiens	Metazoa	212	False
